Experiment,v1_mean,v2_mean,a_mean,ndt_mean,alpha_mean,v1_median,v2_median,a_median,ndt_median,alpha_median
3024_class_words_part_1.dat,2.6645657484927123,-1.7110273314346995,1.293967375650269,0.4722642597555452,1.7832690821220003,2.6657215093064126,-1.7088877150553445,1.295753180104789,0.4723917809470238,1.7872871321630885
1025_class_words_part_2.dat,4.075066646280273,-3.2063355987346704,1.0506726449352466,0.4344616503171311,1.8376118742651713,4.082008487189581,-3.2086208616216405,1.0482804637165222,0.4346857490686779,1.8398256890521347
1011_class_pictures_part_1.dat,0.7574045415714713,-1.5735527129986784,0.8688625841978953,0.5931778335431602,1.4694085677118145,0.7532661275029422,-1.5644783399309803,0.8662396412250111,0.5932387589736723,1.4631779149280608
017_class_pictures_part_1.dat,2.306116625216361,-3.519056606515444,1.48881794589713,0.5443090396676111,1.7695118683650153,2.2985538089031916,-3.511816484373183,1.4741570132667428,0.5453538344890236,1.7725759571680886
1004_class_pictures_part_1.dat,1.6073177054868213,-1.732031830810784,1.3783836867351689,0.576451089023643,1.9351049776167892,1.6228355493951783,-1.726949408297698,1.377899793112654,0.5767570938606802,1.9487888330768404
1018_class_words_part_2.dat,3.5351154206792197,-3.5602623969447658,1.2532883003380568,0.3803634630672342,1.777192934013769,3.5199124652008282,-3.5615619931435956,1.247330614358913,0.38082947366947906,1.779146955443097
1011_class_pictures_part_2.dat,0.9725959326898048,-1.2511966496145246,0.8008460145290852,0.5227827184055235,1.629025507880473,0.9731087284075761,-1.2484639695141015,0.8034300311723699,0.5231776058022009,1.634966945531123
2001_class_pictures_part_2.dat,2.100407989551015,-3.6395519856210012,1.6461873022888753,0.49123662098237386,1.9724219553307398,2.1010189650834374,-3.618852388486675,1.6300667857250586,0.49233931292376065,1.9797007748680246
1021_class_pictures_part_2.dat,4.673877764241958,-4.412523940536062,2.015467892416854,0.47262714317064025,1.8277838873108987,4.707364977118416,-4.4642241289211135,1.9978364952689773,0.4749562502884692,1.8349466607824105
015_class_words_part_2.dat,3.071975291500779,-2.46249606697531,1.6001815994383735,0.36725184040375564,1.3839074085569787,3.0644328184577474,-2.4653759075306008,1.5968699883926551,0.3678297066392247,1.3847145537291117
4001_class_pictures_part_1.dat,1.6083380753531151,-2.4658939527708226,1.3360918625827367,0.5165006648687885,1.9695586922509898,1.6090459246720434,-2.4575870453882533,1.3308149431099774,0.5170389657233946,1.9796464994993377
3010_class_words_part_2.dat,2.311178175712207,-2.028579122734243,1.2862399584785882,0.45355055824829277,1.6334115624130263,2.3057957512075387,-2.028007251012924,1.2809751953804982,0.453814780389999,1.633063732344854
2005_class_words_part_1.dat,2.1452773851904094,-1.7928734541057572,1.2140706747485597,0.4796564785250414,1.6920515569241747,2.145191667864588,-1.7910281819711742,1.2094553544208693,0.4794653279299498,1.6958409240100902
4004_class_pictures_part_2.dat,1.792661350282898,-2.3845409182689155,0.9421149779408557,0.4881558948072152,1.4984080357785983,1.7868868653864785,-2.384588298595128,0.940155781355376,0.4886386634732953,1.5007119379159075
1027_class_words_part_1.dat,3.6058333356366865,-4.755925760523604,1.6099536415091196,0.3358781170634048,1.584892513853421,3.5972245484563636,-4.781095129257171,1.604661253074542,0.3367150755595974,1.5869081655767119
1006_class_words_part_1.dat,2.287811481348256,-1.539411612253015,0.8868103841056971,0.4589109661543271,1.431354213963883,2.283409633382904,-1.5342632043504485,0.8851733918040852,0.45915932136003224,1.4257806502543677
4003_class_words_part_2.dat,2.556276860106422,-2.238503556950838,1.4508068203007998,0.4301966136556273,1.9272558689215284,2.548377795529772,-2.2368977410205515,1.4445141863190143,0.4308473745532931,1.9322736826688893
2020_class_words_part_2.dat,2.440376719683801,-1.9770447845311037,0.8950906602238253,0.38108842823669786,1.308453908380839,2.436312610312433,-1.9671574764574122,0.893491008030517,0.38133346309134475,1.3082068352918266
2018_class_words_part_2.dat,3.0117895382832285,-2.8361655460220034,1.2201125228267145,0.41282402311501265,1.4037549977316894,3.0079588569488274,-2.839050913121683,1.2172704467241722,0.4132840245025613,1.4057043507570857
1020_class_pictures_part_2.dat,2.573525064029784,-3.109181486340704,1.4921293463185534,0.5187524690371355,1.8814843631868947,2.5652777884865285,-3.096431735532388,1.477273378256389,0.5200544936480016,1.8927993620952934
4004_class_words_part_1.dat,2.468194655299101,-2.65986771976012,1.2023409152241633,0.3757725970874783,1.7698259679587545,2.4661955353581613,-2.646444517084989,1.2011215672637074,0.3760116725697868,1.7700836063925665
3027_class_words_part_2.dat,3.1425801671232905,-2.5623743540350943,1.0645749085051048,0.4047209334372187,1.8405055856802974,3.1453782587429373,-2.558901038545076,1.0645583022659875,0.40488138974849774,1.8441726980967958
4012_class_words_part_2.dat,2.7713739672542594,-2.1809505751689966,1.4582902931039994,0.32985668589413353,1.4892461319988675,2.776813611399768,-2.1803045634491873,1.4566066123073589,0.3306230515707851,1.4935566798350284
3026_class_pictures_part_2.dat,1.6560911575989674,-0.9229536924751232,1.4622889556345817,0.5186630495720154,1.9732980876299948,1.6607690453506347,-0.9160458522186172,1.4623275282454897,0.5194627727294556,1.9819172258527211
1024_class_pictures_part_2.dat,2.31058132565538,-2.114108775094861,0.9608888507747171,0.44471710477928955,1.3788654789442183,2.312053710381889,-2.099381486079376,0.9534996577051864,0.44548711589185225,1.3720584595710499
4005_class_words_part_2.dat,3.6228692703448697,-2.5378959907440732,1.1116528870464564,0.45344725948865294,1.7978253085293354,3.6205192821057284,-2.53717189042149,1.1088660399299501,0.4538613199221181,1.8011205624496267
008_class_pictures_part_1.dat,1.7702732423767866,-2.6747969751829728,1.645341170890021,0.5110000478601968,1.9593164353951478,1.7642869556030838,-2.671155972661582,1.6395630422889895,0.5117106448151122,1.9689874201488569
1026_class_pictures_part_1.dat,1.6786764775995853,-2.25927742802571,1.651999613640211,0.5729730512033169,1.930051733468733,1.6820140572720088,-2.246811116273049,1.6481765640881478,0.574085019874209,1.9414621579820883
002_class_pictures_part_2.dat,1.57253884054737,-1.9236328917955776,0.9187588659503979,0.5764657186721015,1.83342503509272,1.5673477293259042,-1.926636047000677,0.9219174216333601,0.5767365048962049,1.846456777913904
3008_class_pictures_part_2.dat,2.861479801941524,-3.9778388549829864,1.762801775134123,0.4618372498777566,1.8393483842511846,2.853222035350721,-3.977447200293615,1.731139201667065,0.46403648671184494,1.8488196173215734
2011_class_pictures_part_2.dat,0.7932019504418306,-1.1818203682093469,1.1304896772149036,0.5103327092179231,1.8710868088963974,0.7942329704057418,-1.1848325918050215,1.1447021700043964,0.510718842650336,1.8956810223367837
2009_class_pictures_part_2.dat,3.024742785092547,-4.582646088127782,1.5233268452037674,0.5338861947806477,1.7809387909822307,3.0196039244687585,-4.608039763206011,1.5129658994403212,0.5351654512581693,1.7857257331876173
1003_class_words_part_2.dat,3.117032441195241,-3.02697737150044,1.9318839889698438,0.38768879131952483,1.8467284128927157,3.105472523291297,-3.027078650540285,1.910517593732963,0.3894676443078525,1.8522951879387057
4001_class_words_part_2.dat,2.3293651637101056,-1.9056507117972556,0.6979197240084832,0.42297337517492556,1.6133425491659064,2.3209234953754763,-1.8970938491492264,0.6964399682817364,0.422963323384979,1.6112541532561206
1007_class_pictures_part_1.dat,2.5873918472217663,-2.694837616030618,2.212702675428296,0.5021768657114842,1.8616982448257433,2.574052293328041,-2.704493586042793,2.1653899605968108,0.5055024748743705,1.873285747406383
2003_class_words_part_1.dat,1.6847793557615998,-0.43699623005820926,1.45613281066257,0.5126057980066347,1.9802558800608532,1.6858471718248191,-0.43375154472490407,1.4576864711260826,0.5127420120896091,1.9866581017712923
005_class_pictures_part_2.dat,2.0611699553304024,-3.853025121019002,1.9171603986823775,0.4450371072902948,1.8933283639458485,2.0504421128980197,-3.8358940157562165,1.897687570656267,0.4461880951055206,1.9019791016586751
3009_class_words_part_2.dat,2.4533496711765266,-1.9656161913221317,0.8486104902831147,0.34339909147162484,1.3628059148923557,2.4461058915369716,-1.9610153867673605,0.8450149271212036,0.34365848436300117,1.3646446638944174
3009_class_pictures_part_1.dat,1.9154441972654868,-1.6474736068976277,1.3870250115197564,0.5006387029501804,1.8607015120493602,1.9170957993214683,-1.6485376698717955,1.3832488184796867,0.5013632610859186,1.8704595686528842
2019_class_words_part_2.dat,1.9067686944335613,-1.8410748207852698,0.8192560130815651,0.39390504892219536,1.2493215283251526,1.890028188565466,-1.8240642618781069,0.813897768650589,0.3943312639798019,1.2490854170829016
013_class_pictures_part_2.dat,2.1560312801895423,-3.2425177069274214,1.5511775801200174,0.4371930640625458,1.8681246883657254,2.1577481711113036,-3.2362188122799127,1.5416916079776346,0.4382737053273694,1.8787582725251313
1018_class_words_part_1.dat,2.7135313759574733,-2.5027526453179227,1.4138860541469156,0.403042095633304,1.7466015582360623,2.710424733275812,-2.4994860630939355,1.4053489679698123,0.4038593832691565,1.746041573700512
4002_class_words_part_1.dat,2.943684713640005,-2.4703785133808487,0.9108019684687282,0.34672215474767987,1.75576493308442,2.94365574107026,-2.46537256031501,0.911328565517403,0.3470509807114225,1.7607042971600362
1014_class_words_part_1.dat,1.2100600758436537,-0.5355758101734643,1.0409281350604163,0.42267035210823595,1.3036397203013659,1.2061411825601303,-0.5355692442496348,1.0364655570343362,0.422752915549645,1.2913440037641768
2017_class_words_part_1.dat,3.5798852101393783,-2.948136582832147,1.8571989776797524,0.4713175173510366,1.8832250696001116,3.5755845767150722,-2.9327596143900596,1.844617627192822,0.47267606585561994,1.8886142659520775
1004_class_words_part_2.dat,2.7963073599163106,-2.562582040278954,0.9301907059065675,0.372493274801848,1.4854289810644146,2.784129521904133,-2.566046529136085,0.9295995937863475,0.37274341561663077,1.4874368100247872
2006_class_pictures_part_2.dat,2.2319107999867698,-2.2054444883648485,1.2372168191070951,0.49736730153032704,1.9536353171290586,2.241396715276046,-2.188568632388428,1.2340683072872147,0.49797663672649795,1.9666949147268955
3021_class_words_part_1.dat,2.492030716672932,-1.8390328571254175,1.3080885751848954,0.43489730943114113,1.7306816347734335,2.4904015203560985,-1.8321302099573236,1.3066541433509646,0.43543022463894016,1.7384374825506663
2004_class_words_part_1.dat,2.3407032755813515,-2.4130184501372285,0.7342272951087264,0.4180226251154429,1.509969182955916,2.328788972252727,-2.405337176176252,0.7318612078101898,0.41820922864487553,1.5077784886141967
1025_class_pictures_part_1.dat,1.6187566490503829,-0.7629538293960418,0.9308467331246897,0.5899326082916961,1.795871574454701,1.6100821736020239,-0.7644971369113945,0.9436618106474336,0.5896471228331297,1.8170270533658728
1022_class_pictures_part_1.dat,1.4388796065450737,-1.7519326544089004,0.9255992032159681,0.5682912269949912,1.6305308079001897,1.447585534687454,-1.745434785604092,0.9303711840291167,0.5685774361500446,1.6360807105571324
3011_class_pictures_part_1.dat,1.4730247325700212,-0.5040582882178966,1.0251303508441594,0.5195463295354282,1.4047457740961844,1.46820721810569,-0.5033483305952552,1.0234046719722945,0.5198695145107977,1.3981495468110907
001_class_pictures_part_2.dat,2.0474718637644975,-0.7861897461542561,0.7987092979171451,0.45005155023079413,1.2263348863505021,2.0197244859986934,-0.7762649285591587,0.7903181423414358,0.4504831679675139,1.2147580124916209
2011_class_words_part_2.dat,2.389714535544506,-1.8915024402245728,0.9966445212399189,0.4088809664624721,1.5777289381813089,2.387149187936755,-1.8831513160580817,0.9928455739545872,0.40898198933983293,1.5796988286599787
1014_class_pictures_part_2.dat,1.2654124571452612,-2.2077191539495415,1.2245029220974522,0.5345387814860171,1.8913120829029553,1.2681604597656073,-2.206264570639762,1.2250402930899793,0.5348274533445809,1.9017214918055831
2020_class_pictures_part_1.dat,0.430370978274274,-0.624488677543688,0.7324174913391582,0.5090033356179597,1.2473540602626147,0.4282706805183769,-0.6139515250344083,0.7181165700609331,0.5093411734847588,1.2353019718263827
2016_class_pictures_part_2.dat,1.004653506156932,-0.5455185784060682,0.9836514300281347,0.24754543776112567,1.1094402106625825,0.9950846155580962,-0.5433749617262141,0.9795204003478932,0.24771585447789257,1.1032820222783606
3017_class_pictures_part_1.dat,1.7933873021033764,-1.8118538637803872,1.1996378955582403,0.5751647466248337,1.817004477429886,1.7982829138635354,-1.8113321934289885,1.1984781713711408,0.5752110943437492,1.8258504880565312
4008_class_pictures_part_1.dat,1.7412589965749472,-2.251550902937826,1.2889340882570142,0.5222564773965027,1.8750126410791048,1.743509006227978,-2.256383959907736,1.2883177575703213,0.5227981747667456,1.8832722774025905
2016_class_words_part_2.dat,1.5941941182018329,-1.1879738644811935,1.0309146961146785,0.19800875488405217,1.0492212306239133,1.588817465749384,-1.1799556156123372,1.0241236250188248,0.19822107100097464,1.0454910742738504
3005_class_words_part_2.dat,2.5052795253462814,-1.4521243297766289,1.0732737311471483,0.44841769786019176,1.7379257779101558,2.516359225459265,-1.446923999758627,1.0743027172795245,0.4486223624692148,1.74276189408865
020_class_words_part_2.dat,3.1803122361979783,-2.878167890273502,1.5239240386756587,0.400913580390291,1.700705857997018,3.1787380471001305,-2.872446209023606,1.5152503088378269,0.4025629748648794,1.7038266916137363
005_class_words_part_1.dat,3.9553773363920897,-3.014502207713724,1.61221740836166,0.3986074393381933,1.8563640909160344,3.9503416205098487,-3.0101043601786186,1.595180320100905,0.4001227806457075,1.8615570642267008
1015_class_words_part_1.dat,2.347108071931437,-1.802583145785028,1.442863901548074,0.4555802879063425,1.825718653289372,2.3412160311494112,-1.8023022472597243,1.4391185266012412,0.45592862752816954,1.8308523165016943
3018_class_pictures_part_1.dat,2.285830287533906,-3.039010653433,2.427356148816392,0.5868990007145584,1.9095994885830578,2.2878118583989866,-3.045325065060635,2.419052406989475,0.5880750426001679,1.9215249197330069
007_class_words_part_2.dat,3.157371755240302,-2.488380407122772,1.0566422939218882,0.39393907636730785,1.6193834290770515,3.154413637061725,-2.486077741859143,1.052966195073854,0.3945177076352586,1.617682062705967
4002_class_pictures_part_2.dat,0.6038926144506186,-0.7895019654667367,0.8175485234440946,0.5310834061848952,1.4691008029935095,0.5989170966660711,-0.7773732562271399,0.8067260425433604,0.5315102720815044,1.458199228897046
4013_class_words_part_2.dat,2.4755444208505937,-1.5420390140885785,0.927249315941069,0.3865615199332195,1.5764109252910445,2.4806044268408995,-1.5316936147435505,0.9290168277448256,0.386674831694439,1.5766566468618122
3007_class_pictures_part_1.dat,1.52068780985457,-0.9613992629720406,1.0866953111875843,0.6005660561140819,1.7405896056977683,1.5186329669241514,-0.9552298318743685,1.0923774075814283,0.6007964196781892,1.7500816770730925
3024_class_pictures_part_2.dat,1.7898980545955256,-1.8170697679181862,1.311640969761374,0.5900296228594254,1.8317986654864398,1.7858078407115023,-1.816966213847224,1.3155218979076737,0.5902106500382989,1.8377245603031915
3025_class_words_part_1.dat,2.5520948125964504,-1.477726534595958,1.124103883740931,0.45978682793017184,1.642620400657931,2.5516931109909056,-1.4777892616197967,1.1250540808110454,0.4599399998733448,1.644832187308591
2012_class_words_part_2.dat,2.334330936350462,-2.118987534998634,1.0047454797856277,0.3519341687283413,1.145397286573778,2.317952110352869,-2.1090264837833637,0.9954102999025818,0.35227260035760233,1.1344132710195924
019_class_pictures_part_1.dat,1.0341577376189817,-0.7753316749846588,1.3151142246808287,0.5264646796500148,1.8482365211844536,1.0349408508829212,-0.7717824789400234,1.3279971175946534,0.5267866256841918,1.876863665861611
1019_class_pictures_part_2.dat,0.9177429974293488,-1.8324387228785932,1.332073474766929,0.5483137543460431,1.8818752840497908,0.9177020781343329,-1.8345050232398716,1.3383182141328471,0.5488171545274654,1.9008444363081525
2007_class_pictures_part_2.dat,2.334764151737406,-4.403348891643699,1.7376913439648438,0.4444799106890515,1.907258501666479,2.3238307493179216,-4.406778812970467,1.719711177356341,0.44620341688820647,1.9180818109554318
1017_class_pictures_part_2.dat,1.3588951533272424,-2.654291097839109,1.5952018044002716,0.40061401738804864,1.8550204535524055,1.357816859484113,-2.6531011989633875,1.5927907996536566,0.40138305915590655,1.8638065111895035
3015_class_pictures_part_1.dat,0.7909047886425833,-1.6078710660631577,1.0982899338169956,0.5544367429227081,1.7908286409645124,0.7897496732056227,-1.6139305586499773,1.1005623486716465,0.5546249880290605,1.8015659478481
1020_class_words_part_2.dat,2.5507492123613735,-2.66348573357789,1.3341418033796235,0.3673867128118874,1.4407389595374511,2.553384760742716,-2.6632119661386477,1.3316080741758773,0.3678046096918855,1.4407869432590346
2020_class_pictures_part_2.dat,0.7578896574777509,-0.5202844865611661,0.6473612253691079,0.4242629171117014,1.2567483549370928,0.7528167652649477,-0.5066438130794071,0.6351893012885265,0.42430108548232776,1.2437977642080669
2010_class_words_part_2.dat,2.361036004048352,-2.1231273155302723,1.3294910969310922,0.41607315741363615,1.7103753911321655,2.3600779763827457,-2.1198838542298586,1.325131616418656,0.41660178122566377,1.7101308532229758
3018_class_pictures_part_2.dat,2.3981121680081143,-2.4794328060116118,1.4035803605491297,0.5089355702108852,1.837703707699677,2.3883370011792193,-2.479517727915385,1.3968426092135007,0.5096955598874227,1.8430894651194576
011_class_pictures_part_1.dat,3.194532564109005,-3.266117586520424,1.6191552502706854,0.49027352031288185,1.6954209348953395,3.1817384228850023,-3.257384191749111,1.5882059120171248,0.49260705622753176,1.7048144688632887
1008_class_pictures_part_2.dat,0.17796142382364105,-1.8616192534476759,1.3587388319729778,0.4390799397395617,1.7767703829814587,0.18115485461493552,-1.8663825002470564,1.365602576170751,0.44008500850379295,1.7886777274148153
4011_class_pictures_part_1.dat,0.9824556778777821,-0.3181741192835318,1.1490653708824192,0.5036766184899745,1.6261333954665722,0.9731115916927381,-0.31564621373958435,1.1655508895508977,0.5045278727121429,1.6363905626063704
009_class_words_part_1.dat,2.164066506284595,-2.260364244110561,1.1907226774822341,0.40202582075735194,1.7005614394765425,2.1574739464823827,-2.2662355684469198,1.1879873821494948,0.40232881526786546,1.7058695734154266
1007_class_words_part_2.dat,2.369025820054628,-2.0201005681212547,1.375520656975582,0.44647556696533086,1.9657933302950246,2.3758880663500666,-2.018102494371586,1.3753099123835244,0.4463409122795014,1.9721947670630207
004_class_pictures_part_1.dat,2.064719273054913,-2.3560684400107865,1.5024943184132344,0.52567405510508,1.8320396522776565,2.05358111940615,-2.3603021028734217,1.4963339848867552,0.526666429820683,1.8400528013171076
4011_class_pictures_part_2.dat,0.9876435887761388,-0.9691945841738705,1.0509589950396676,0.5044897710827579,1.5657184612972033,0.9810458416427619,-0.967660356129542,1.0550756031490318,0.5050564129685073,1.572725634826508
3026_class_pictures_part_1.dat,1.9277992465359708,-1.53160284811883,1.4246751421388608,0.6448881509203797,1.9163762317869768,1.9252784175677387,-1.5300620387572321,1.4235534749100736,0.645150173431849,1.9286967463393805
2001_class_words_part_2.dat,3.2427794755692316,-2.950801777867564,0.9468290856880781,0.4273190741263201,1.613681024960501,3.2370496086279594,-2.9553967396311527,0.9444809744616673,0.4277163424869409,1.6178202624403784
1006_class_pictures_part_1.dat,1.4581955783513145,-1.515822517051321,0.9489693415695569,0.6079913159761895,1.7304827662083793,1.4546239668297591,-1.5066403840679334,0.9535681799823691,0.6083802631759037,1.7391675810260234
4002_class_pictures_part_1.dat,0.45580330457613405,-0.33535900905357946,0.863544037155898,0.5787172453283599,1.4942333962294787,0.45454123511319433,-0.32492867235223866,0.8565361027308183,0.5793238140036461,1.4899631690571176
2010_class_pictures_part_2.dat,1.5489933120597732,-2.15918049232268,1.5092841226157083,0.5503123786365158,1.7495453160522365,1.5461194632844166,-2.1502038067008415,1.5079293283068185,0.5514010236343969,1.7568571987215342
2014_class_pictures_part_2.dat,3.043369445043928,-3.1981311245241386,1.3400583242553616,0.5025290765492411,1.7416948847514333,3.0318134279220192,-3.196259779360366,1.3306619318033004,0.5040097902614826,1.752492761252928
3019_class_pictures_part_2.dat,1.4247494842237143,-0.8477800870941112,0.9992237456932188,0.529012034958301,1.4909154565743112,1.4177899289933888,-0.8418732270022325,0.9995953041068659,0.5291990153591841,1.4900524929605128
2003_class_pictures_part_2.dat,1.3227959037462569,-0.6532111273002268,1.1579805876721017,0.4785120312781791,1.65364031260705,1.3143984371191515,-0.658601419312112,1.1585354620228805,0.47888928351224325,1.6668763221414313
1023_class_words_part_2.dat,3.044316491089683,-2.330712230767275,1.4444092354785056,0.416500455457538,1.7217249624890223,3.037848408764381,-2.321449028575753,1.4320657752583579,0.41733672661647225,1.723836943156409
004_class_words_part_1.dat,2.3158655660990934,-2.0676205659602074,1.0739682256609504,0.3954234319431005,1.4361140527894072,2.31815324528972,-2.0693309831234656,1.0742775624983896,0.39592965424355425,1.4388893083745473
1009_class_words_part_1.dat,2.650287429264712,-2.646946741264831,1.256158141142575,0.4105898831255422,1.543932698636807,2.653254792825657,-2.645309722562587,1.2537124150014087,0.4109860020848728,1.5440978697727328
1005_class_words_part_2.dat,3.1256602493981824,-2.87752459302025,0.9506298289676128,0.4073079645921193,1.5547969904087373,3.126170994811604,-2.8775103934567117,0.9528284007371717,0.4076103127419095,1.555698066785971
2014_class_words_part_1.dat,3.0576949669910505,-2.7538463769920143,1.3964987726447793,0.46083716139228653,1.8258200125490103,3.041834774148019,-2.7516820150560886,1.3863727686975729,0.4613079053579497,1.8277539166212473
2012_class_words_part_1.dat,1.642692823287357,-1.5607049643338882,0.886846806513682,0.31455726124143807,1.059291259087889,1.6282010421069422,-1.547976915459228,0.8835488666366949,0.3149220751788222,1.053370427694318
1002_class_words_part_2.dat,2.849174113534741,-3.058644679143587,2.8417320582323966,0.41082874695000277,1.6331054054800809,2.854239293324949,-3.045853866165764,2.8570285900262062,0.41149595153729535,1.6353000670677933
3016_class_words_part_1.dat,2.835529185157177,-1.954678463709933,1.1813123309070817,0.4175481402158945,1.5753325572301897,2.838804450977614,-1.9520717339063525,1.1794123990267913,0.41789562845003614,1.576979292390812
3013_class_pictures_part_2.dat,4.199563083892332,-4.453693609183498,1.7191241568965074,0.475944120313835,1.8746982106090655,4.224074545278922,-4.473876115847086,1.6974012447503295,0.4775944397595333,1.885561112775812
1005_class_pictures_part_2.dat,2.704004414659086,-2.4714198556593145,1.1426329303578084,0.5118385536548382,1.7687585522507334,2.7085399324348396,-2.4619322015499776,1.1407950730452652,0.5121492091530988,1.7754072533134924
2011_class_pictures_part_1.dat,0.9309845968343782,-0.24590889614019357,1.1167211808091115,0.5582234195384438,1.6533376343181638,0.9269812044483103,-0.24779716215223035,1.1312729879114187,0.5592075229514561,1.6814612336755619
017_class_words_part_1.dat,2.4175222332678925,-2.379190526290894,1.2152102274963443,0.4277533139972081,1.6140890808563984,2.4098200941772334,-2.3718653418617883,1.2132353298967646,0.42819016938208165,1.618112306999604
002_class_words_part_1.dat,2.1719094809382824,-1.467707630710091,1.2317107145050863,0.5099730404035565,1.8992535729752786,2.168632797813636,-1.4734196257616665,1.2332560651213615,0.5103218798615408,1.9075768391914707
1020_class_pictures_part_1.dat,1.4706226240378424,-1.527879109333099,1.56911858252231,0.5702675982386056,1.899198028855235,1.468589510057921,-1.5275996029278907,1.5656932404506585,0.5715435536222258,1.9106265118520296
3026_class_words_part_1.dat,3.0354286386887694,-1.6816489080128805,1.39273494258752,0.46803633738267175,1.9607756865760249,3.0328737110941164,-1.681110188558574,1.3911243680126495,0.46808545407742796,1.9685700167182398
004_class_words_part_2.dat,1.739752622207854,-1.5149964225498924,1.002121007638897,0.3610138041584843,1.3603664116855265,1.7334615216790983,-1.5193573806671872,1.0027380591570778,0.3612603315410995,1.3603712281273097
2006_class_words_part_2.dat,3.8847511042918774,-3.2141891156082756,1.1111768935973914,0.41845808583929,1.75290310289621,3.893382288782867,-3.2066282472971768,1.1034027563200346,0.4190602944683218,1.7569100612076078
4003_class_pictures_part_1.dat,1.5482990329121136,-2.2633965018123567,1.7842895556300045,0.5293400702935585,1.9835137089778805,1.548035868719942,-2.2595277591233374,1.7775412343749057,0.5303721371947465,1.9890267650121731
2015_class_words_part_1.dat,2.3742775521325648,-1.2888571358562226,1.3294271675147133,0.4618659416358363,1.89767620606142,2.369137519092976,-1.2864738456336156,1.3280737661728845,0.46212033497389016,1.901551067147906
1023_class_pictures_part_2.dat,3.8634216364992264,-3.3421190995842127,1.4909826888835946,0.47387623323803896,1.787809979608976,3.848939330927224,-3.339397309037352,1.4698437441800802,0.4755057087081707,1.7940645319115895
1015_class_words_part_2.dat,2.5316312890142427,-2.1267972383402207,1.2401726293367292,0.41909112078523597,1.727697273868414,2.532097117799685,-2.115453973850933,1.2390949757674299,0.419259498058672,1.7293087618338503
1026_class_pictures_part_2.dat,1.5960386235101236,-2.049460848534552,1.2230215462966276,0.5247396066295148,1.623789191356414,1.5947131434303052,-2.051789172224444,1.2245936936356239,0.5248712395249855,1.6236824157851961
1014_class_words_part_2.dat,1.390139506347251,-0.2681695045320413,0.9147426682543945,0.4402102896935153,1.4234746519098584,1.3925817399598777,-0.268026886327285,0.912545264712074,0.4404228533016316,1.4253459045511847
3002_class_pictures_part_1.dat,2.179591424602886,-1.4560395174167438,1.2450921121715466,0.5162343831671333,1.9631425501146014,2.1788280560758935,-1.451300196052118,1.2452665951461241,0.5167725494227876,1.9733601023044207
1016_class_words_part_1.dat,2.4163723471263903,-2.474504867345425,1.1995001765617235,0.4233923147088226,1.7386535628311217,2.4080634036557047,-2.4680461219687126,1.2002991570126227,0.42376301377054504,1.7401195968382077
1014_class_pictures_part_1.dat,1.0118122172734643,-1.3660417188205747,1.0450601347106516,0.6007517707581009,1.6712284353158675,1.007517867393521,-1.3586298444745428,1.0485942042740874,0.601171104125404,1.6775298188825616
2002_class_pictures_part_1.dat,1.1568768205540298,-2.043955437957426,1.6665379797438786,0.5627574086326366,1.945541901904328,1.16647991092497,-2.04524267242914,1.6671575513442964,0.5630243055942051,1.9582998591525222
009_class_pictures_part_1.dat,2.184614843666497,-2.070580934348914,1.4071171956537303,0.49599403596350344,1.9158209621505502,2.1875895242932977,-2.0578511431336373,1.4065644420939734,0.4966476532654649,1.9272102387575596
3008_class_words_part_2.dat,2.788151414302324,-2.78077922979495,1.493377697104099,0.32662619946776156,1.5201195358269652,2.7796381879831618,-2.7764695588192665,1.4929055638114948,0.3270821171588242,1.5177720587933963
2017_class_words_part_2.dat,4.847401600809567,-4.0656461755380064,1.8992418005286245,0.4246221466081282,1.877508099351555,4.871995804673254,-4.068748050269997,1.8917028944851413,0.4257249790167724,1.8824204125683408
2009_class_words_part_1.dat,3.692812393363287,-2.1975200525606122,1.068862156318261,0.46335877606993336,1.8682584846102483,3.694470606093961,-2.2026266269979864,1.066408117900134,0.4636723111089174,1.8728998409198803
4004_class_pictures_part_1.dat,1.6605638598847827,-1.9610628848325755,1.2377759916381756,0.5069599740902343,1.80538484838543,1.6568233082481207,-1.9602591357970658,1.2382288509169863,0.5071805724524197,1.811675243559195
1010_class_pictures_part_2.dat,2.4782752104150814,-2.594344299456984,1.2056093649996595,0.48402770007024776,1.739437522061694,2.4693369658974795,-2.606552664309894,1.2034883422351568,0.48462631629118047,1.7416330008805114
3004_class_pictures_part_2.dat,3.6878564233458437,-4.473606746043448,1.5268831222587613,0.4232436564188802,1.6213220310034568,3.6944893475968392,-4.514209586686807,1.5190509880053384,0.425244041171023,1.625151671553399
3019_class_pictures_part_1.dat,2.09773028584461,-0.2561108694893429,1.1115231690058571,0.5087174407227749,1.56368185093849,2.0975239784783906,-0.25919302428157676,1.1201696838527042,0.508795642484037,1.566351298611611
009_class_pictures_part_2.dat,1.9339770678848995,-0.9865231445625666,1.1134169003755223,0.5172471996519377,1.8293970515448479,1.9344068960373986,-0.9848430367908984,1.1199948662909525,0.5174917494106693,1.839478550686123
4013_class_words_part_1.dat,2.1946644551319237,-1.288197566665017,1.0725079852257533,0.41578994623489673,1.64853953624577,2.198345455004221,-1.28853506581806,1.0765047406852446,0.415804492843421,1.654841202814683
1022_class_words_part_1.dat,2.6969051092269254,-2.3640063160512725,1.1204740014945933,0.454036569056159,1.8620986518718883,2.696140600767384,-2.3665957579157015,1.116997812960042,0.45430307417155663,1.8630131603717812
1009_class_words_part_2.dat,3.018035114076321,-2.8986569653466505,1.1707260179354138,0.3972095651566011,1.6932761748514247,3.0261829728750023,-2.8960443737270354,1.1679430234819004,0.3978587159518939,1.695440225331836
2018_class_pictures_part_2.dat,2.108940135060561,-2.4825448309838785,1.1379039679364478,0.5393018049056632,1.6722172960303328,2.1027177825382077,-2.474795963771178,1.1343577154551487,0.5397584695055606,1.6737771940461266
1010_class_words_part_1.dat,3.699018322589923,-2.954077382347307,1.1150821149531545,0.4206609759920391,1.7555465852318284,3.6909558801745397,-2.944779618330576,1.1092511204268707,0.42118740270638033,1.7591461202461347
010_class_words_part_1.dat,2.467197317992969,-2.2941842494369116,1.1577441467973255,0.39432666196660626,1.4314084324831124,2.4685897162563135,-2.288512630839439,1.156955611093415,0.39451594493754055,1.4318631443657792
1006_class_pictures_part_2.dat,1.3205387043841843,-2.3562586928019282,1.0081699636067765,0.5782650502894809,1.8067274238477349,1.3175051449029926,-2.3529534290602987,1.0146965032673316,0.578395646744442,1.8143523976575275
3017_class_words_part_1.dat,2.5351876289366526,-2.3278518039769134,1.397951200009039,0.4130023712855818,1.679481055623438,2.5390288305454187,-2.3262398293765028,1.3942332090275813,0.41352218584349165,1.6796303359567148
1027_class_pictures_part_2.dat,1.8180724083188131,-2.194520135292413,2.234472463842809,0.47595087255044755,1.9662812551250592,1.8163980731126759,-2.186650423263046,2.2084958224192714,0.47945150668161085,1.9747934717157558
3010_class_pictures_part_1.dat,1.262427503101038,-1.461319794400803,1.5118854259756482,0.51526628553038,1.922698236727356,1.270733164866742,-1.4537008008501524,1.508871070634481,0.5162953692927286,1.9381221034839158
4006_class_words_part_2.dat,1.5117301414421427,-2.030248989502168,1.65179089585567,0.4273655722986654,1.8955439437074957,1.5104386352385823,-2.0310467907606866,1.652673364050563,0.42801453796139666,1.8987059523213317
3008_class_pictures_part_1.dat,1.7156240104633549,-3.1639851219589126,1.6792097300741533,0.5635725809701705,1.9403213797949386,1.716867699587795,-3.16049803151508,1.6720147006927153,0.5646249980569262,1.9520559862782143
1015_class_pictures_part_2.dat,1.923647457859346,-2.1508920874878297,1.1971563469873718,0.4582424713949978,1.3393550717080633,1.9188435746141974,-2.1605965439606196,1.1909312878381209,0.4591129987418918,1.3363905524472854
4013_class_pictures_part_2.dat,1.786488168865544,-1.7555407231723565,0.9983084446749051,0.480686767124601,1.598664771565243,1.7820258314605224,-1.753111223913271,0.997819319388778,0.48099639610935646,1.5968607519296454
3018_class_words_part_2.dat,2.5292678919884137,-2.2945673884300266,1.2763390426471164,0.4084677703351247,1.7278554340987162,2.5295335109498387,-2.285865827481066,1.2733007207538805,0.4088115919258582,1.7262204072041794
2002_class_pictures_part_2.dat,1.1199281292311136,-1.9556936181763696,1.614371695393775,0.4917797830451186,1.9491915858021152,1.1190311543958908,-1.9502869953376285,1.6145047660834029,0.49193915511965536,1.9628307669305154
010_class_pictures_part_1.dat,1.8627889127618258,-2.002309570152947,0.9973696578298477,0.4918678231108653,1.8064491765213178,1.8635865092991128,-1.9942757220791036,0.9982022764301481,0.49210077900117266,1.8143809137639328
2015_class_pictures_part_1.dat,1.7720208781738416,-2.181427168001529,2.0831383241245667,0.5749382142821844,1.9096158886438384,1.7667168868940968,-2.177401742316766,2.0616331650492232,0.5780736647382715,1.9223978055037003
1027_class_words_part_2.dat,3.7294208140033276,-4.595884408050699,1.696004037795296,0.304048309038213,1.7753115130158559,3.726519183379408,-4.605928846651744,1.682313577514537,0.30533295892104434,1.7829525806078117
3003_class_words_part_1.dat,2.800691967400662,-2.5623311864833966,1.3677826516113654,0.44498875239687363,1.7832446420354775,2.7973384311824683,-2.5529220083687156,1.3577339482861688,0.4456421762115661,1.7851560830402642
1008_class_pictures_part_1.dat,1.1030119183235176,-1.2025639650687923,1.3574592313696376,0.5850192062909527,1.9107659109600925,1.1020925667412218,-1.1991823649931428,1.3678338379259722,0.5850445858899659,1.9310815371183856
2008_class_pictures_part_1.dat,1.2445236874415455,-1.592229193069692,1.17346837761683,0.5674273806713721,1.8379316624038498,1.2458006754878412,-1.5998452610520797,1.1752333772501633,0.5672821279462275,1.8508971061321553
4003_class_words_part_1.dat,2.934846505675835,-2.4433707132660896,1.5956727332422729,0.44546158035593175,1.868041287576391,2.929221616887032,-2.442479209606347,1.585736874284868,0.4465384928429049,1.8726011885498957
1008_class_words_part_2.dat,2.8854227385719495,-1.8818513332679108,1.2713465463449556,0.48330952303337815,1.753837391244331,2.872784672015452,-1.880510440674798,1.2722387479646,0.48356166675655854,1.7550789308800379
020_class_pictures_part_2.dat,3.5865029979533145,-3.5809848381501577,2.322639489857356,0.4584377279737728,1.6983706256145583,3.6006506426850895,-3.589494740398571,2.3111068503547068,0.4601626863158395,1.7006867323081232
3024_class_words_part_2.dat,2.2716968303629512,-2.1177498805851718,1.5359204909961488,0.5034108087778252,1.760611672014214,2.266212254640168,-2.1089277556629855,1.5296370979215692,0.5044568014849939,1.7617005258598557
3017_class_words_part_2.dat,3.1481798911546344,-3.031334016266319,1.0878902366323846,0.44802473561080264,1.6307167148559174,3.1427099372706366,-3.0266087647174142,1.0870013898274957,0.4483426608253927,1.6337913410453622
3007_class_words_part_2.dat,2.5675941129799393,-1.911242233286606,0.9470456493242217,0.39173964375893106,1.69527364516248,2.559260217827903,-1.9048704520139768,0.9480092183656366,0.391810075077819,1.7006782463973047
020_class_words_part_1.dat,2.4232744313351295,-2.267527654461498,1.4019291668071354,0.43106903159924065,1.9051134604009903,2.4222358246597073,-2.2656592149050923,1.399280152424734,0.4314741985334206,1.9097658595771354
2018_class_pictures_part_1.dat,1.740947088233741,-1.037859175572685,1.0997137172155478,0.6014552921627692,1.8165655103228684,1.736047545394547,-1.034247660194534,1.1095303956674263,0.601712797024667,1.8352785331240868
011_class_words_part_1.dat,3.329965510700981,-2.7705014572195696,1.0433018837865784,0.4118111969506575,1.7627209287905812,3.3198854027920115,-2.766703375295423,1.0348669216903865,0.41221378624307564,1.7650388917910025
2007_class_words_part_1.dat,1.8077065741704963,-1.5922699627022865,1.444089209399993,0.5371886758395278,1.9507298569660967,1.8039594200802407,-1.5884214849134541,1.442844762317439,0.5371439108985323,1.9572532060506511
1026_class_words_part_2.dat,2.4506038997724353,-2.257714862038942,1.5791219669879275,0.4029936765697949,1.7487619797658456,2.4451231421141224,-2.258114306893094,1.5729185940194546,0.4035838313811423,1.7499282845430175
1022_class_words_part_2.dat,3.121447472952502,-2.7645651105973976,0.9707563530734653,0.4084554233474184,1.8731737860177633,3.1156480097018493,-2.759702951259359,0.9692929400323336,0.408675284457588,1.878789338712351
3010_class_words_part_1.dat,2.5500741858674334,-2.2594513757112367,1.5151277844230657,0.40286437385584417,1.7620979001405481,2.543492959868046,-2.255902668360643,1.5101725651262732,0.4034367688074207,1.7625975943225978
4005_class_pictures_part_1.dat,1.941917050742909,-2.5548158607883367,1.749937576605549,0.5133895580560716,1.958353724768021,1.9392082348060384,-2.554352148438416,1.7337951315622857,0.5147121167138973,1.9685934671235679
2019_class_pictures_part_1.dat,2.7873548616309174,-3.6644961353898347,1.345063084610984,0.49569136239437817,1.530929476622756,2.8033966545252165,-3.69189190216816,1.3380821634634463,0.4961467912327867,1.5352079132948815
2005_class_words_part_2.dat,2.6586155756119036,-2.4213521074275546,2.1160285360124873,0.20500108045387397,1.0717980875736868,2.6523603849689654,-2.4089603507987167,2.1071229324124285,0.20551883303196317,1.070866239247927
1016_class_pictures_part_1.dat,1.6644812892161553,-1.6281374388454337,1.794383648022277,0.5351293713691432,1.6155081091778438,1.6633431820943503,-1.6226392150012217,1.7925863444477481,0.5370208772897959,1.617157168199936
001_class_pictures_part_1.dat,2.054240823018435,-1.294737211234156,1.2281793129104157,0.478944118194731,1.4669818423049852,2.0599845529891265,-1.2926490162117763,1.2270139837705107,0.4793875349213892,1.4640407748320388
1017_class_pictures_part_1.dat,1.593588871127577,-1.7576968841881606,1.4478146376313825,0.513123876608986,1.909118189693263,1.5954084445104693,-1.7551479175027724,1.4499831460889587,0.5133815561606425,1.9223974953587364
007_class_pictures_part_2.dat,2.5924729439832737,-2.3566107661726967,1.1273376210210244,0.5402708794157957,1.8742685459849808,2.5852754519833345,-2.357869773224979,1.1279228692595777,0.5405676964504033,1.8847919877258275
3023_class_pictures_part_2.dat,2.3814237863786567,-1.7523982585239706,1.236307656937524,0.5014442555049238,1.923059936296043,2.3895317882563782,-1.7490754841999319,1.236320517748154,0.5016160347732279,1.9376099507668196
3009_class_words_part_1.dat,2.1975444338163803,-2.0989593003515727,1.125768350903045,0.3446552564863775,1.4618467307129563,2.1969486490593755,-2.1014190158027963,1.127073732053537,0.3450204055737223,1.4646643148206582
4011_class_words_part_1.dat,1.6866521470084828,-1.2474724468816658,0.8358401743866587,0.36797953242780673,1.278194243281696,1.676656069838018,-1.2303200349970966,0.8322604730293519,0.36813260914701895,1.276618579331112
2006_class_words_part_1.dat,2.8932152572451257,-2.476915389569411,1.1869224762963997,0.43347524046926655,1.8479974829318748,2.8913297687157495,-2.476937475256099,1.1838141998756302,0.4341000481510241,1.8513141649572566
2012_class_pictures_part_2.dat,1.7924672146791631,-2.5172504020523623,0.9033921309601585,0.46194926191370256,1.520077773605677,1.785804673744581,-2.517929354993098,0.9002716916310107,0.4620952367505864,1.5209603646374918
002_class_words_part_2.dat,2.5763801239895403,-1.793391030863407,1.3138423322007184,0.506558649625778,1.6383372495129196,2.57010748896236,-1.7929871579849168,1.3107566390564127,0.507213987412861,1.640907526783694
1018_class_pictures_part_2.dat,1.3100866028486655,-2.3979417814581785,1.3986028583909182,0.4974063353488116,1.7967673113789615,1.30941402163258,-2.389470918691762,1.3987899200423872,0.4978331468536026,1.8050213590425774
1004_class_pictures_part_2.dat,2.0939583887544657,-2.97824333100903,1.0406027694820978,0.4783710639617406,1.6967284495726647,2.098803454806258,-2.980858711156933,1.0417886109065606,0.4788610413122124,1.6954033611568182
017_class_words_part_2.dat,3.3653624240017024,-2.656716517390475,1.2838382034359188,0.3917151929356209,1.7449403351996788,3.3612328457058096,-2.6488807165327204,1.278051278759024,0.39250665428712606,1.7475417190456075
3011_class_words_part_1.dat,2.320053970782983,-1.3000432490754579,1.0731138048483075,0.37819697599550317,1.616841857042647,2.3206203884420615,-1.2930661398404564,1.0727923686836494,0.3785019292592853,1.6198351751969193
007_class_pictures_part_1.dat,2.2818827311766663,-1.563789140383393,1.1068813053612798,0.5558061491253988,1.751583549407787,2.2864655612382294,-1.562387233318782,1.1069819631572122,0.5557622756753365,1.7583488667709495
3015_class_words_part_2.dat,2.4402355060826557,-2.764290625097982,1.774628285517715,0.44706919905743886,1.4854698723057878,2.436560799653357,-2.768048200226355,1.7694347041778915,0.4476498860639788,1.4868624678579625
2020_class_words_part_1.dat,2.446055011055365,-2.039691863669552,1.4521861157120233,0.30926023729447,1.2261254856858264,2.4336461136421343,-2.0363603574948206,1.4442177396734794,0.30966520828706307,1.2226546651089654
3027_class_pictures_part_2.dat,2.8282237715837595,-2.7043486709580216,1.542652687119068,0.4087998043249205,1.6370359091780382,2.819933568823926,-2.70587813805452,1.5284726173573795,0.41063655557908346,1.6396931843304245
018_class_words_part_1.dat,2.674667609700017,-2.5078241810931163,1.1127045116651402,0.4395951809362514,1.6670619843346637,2.6743004322489634,-2.5052572034449945,1.1119075633203672,0.4398281491778959,1.6684699503477372
3022_class_words_part_1.dat,2.2133102193950736,-2.3324751758750164,1.029441607834181,0.415916012082826,1.6840579345242221,2.2149210561899486,-2.326433137106663,1.029340097756695,0.41621535918027047,1.6832941559518124
4007_class_words_part_2.dat,3.2450408085992875,-2.5498663161182313,1.3628606182001641,0.4071452975803965,1.7599334713929893,3.235354435354304,-2.542084182552566,1.358640704641855,0.40769267115174007,1.7608549931519528
3005_class_words_part_1.dat,2.3711119778330376,-1.2963146617849663,1.1301183257973368,0.40942263625076675,1.5661641865183014,2.375786403458151,-1.298190911823657,1.1303596161749796,0.4097462487409201,1.5682958536908147
2005_class_pictures_part_2.dat,2.641273799903872,-2.2135406393427655,2.4838730579684096,0.20518183793466582,1.0957286979133767,2.631309610070188,-2.2196803822409086,2.4834230631392566,0.20631695398109487,1.0967917047696623
1012_class_pictures_part_2.dat,1.5820015490087618,-0.19436809018769133,1.0972108562257359,0.49971012077281396,1.7329266699173265,1.5833796100126178,-0.18925972666802227,1.1147561381054873,0.5000578727619132,1.7598478404572928
018_class_pictures_part_1.dat,2.1116938835983183,-3.0379417996992353,1.7687793876465412,0.5265627461586716,1.7882265546908542,2.113188794683962,-3.0314628222649986,1.7484425748148342,0.5282970155816025,1.7965796094208573
1007_class_pictures_part_2.dat,2.3599264052878373,-3.2517738626950323,1.6957925888064869,0.49807232908613824,1.9483506428864574,2.3478184901655874,-3.238389115781726,1.6761811450787758,0.5001432398962251,1.9613128830165105
1011_class_words_part_2.dat,2.134084870585873,-1.5613897793667217,0.7598702882397862,0.4114204757721234,1.4475119388379387,2.130949448861875,-1.562658569495004,0.7601771200530469,0.41176978119211666,1.4471915961441553
2009_class_words_part_2.dat,3.7786588069751765,-2.9059607992148266,1.0333343319394057,0.46724279792727536,1.9032753584109274,3.782214027642514,-2.9027437573934387,1.0299901201692063,0.467436830242438,1.9089982680216946
3015_class_pictures_part_2.dat,1.0533862522454238,-2.328105500135506,1.1573693000902516,0.539664962299063,1.479127151691072,1.0494448652539665,-2.3264533168771964,1.1553919515125206,0.5398920783087424,1.4817941434710198
1021_class_words_part_1.dat,3.397724968747949,-2.038347833251134,1.3317276565139422,0.4815843756139354,1.9331441064227082,3.3906557037315173,-2.0438999914313323,1.3259405713119745,0.48195726889269486,1.938591938643712
2004_class_words_part_2.dat,2.6309314055149327,-2.8220693546610094,0.7769432648473321,0.407342736628575,1.5991091071503396,2.6260297881519636,-2.8200328649108704,0.7752417304409523,0.40756986019882296,1.601079231732173
2019_class_words_part_1.dat,1.9300255521863938,-1.685052741138655,0.8723971490981739,0.4067067064133237,1.2745470117597213,1.9219601303636713,-1.677264101169418,0.8644869736822933,0.40691702950861014,1.2720099543942416
4010_class_words_part_2.dat,2.0719692035891573,-2.276741593125781,0.8815625724715941,0.3873606410102241,1.5248849566852178,2.073759492530029,-2.261957242700557,0.8799947737449685,0.387603123998172,1.5236502799088192
1016_class_words_part_2.dat,2.6279049488540847,-3.0793185456564935,1.2474952756165278,0.3503673424224488,1.555105952834388,2.6230778333390825,-3.085845315354152,1.2434221085686954,0.3509881863393757,1.558886520702749
2008_class_words_part_1.dat,2.7809975598658534,-2.416970567686597,1.296229553662606,0.4925930125122162,1.5966445096377906,2.783125593389996,-2.4248387456246068,1.2955661935093066,0.4930430533247818,1.5998166488143064
3004_class_words_part_2.dat,2.8471970034219947,-2.7633901954294453,0.934317092406234,0.40350335004691285,1.7212553928504684,2.850421362860119,-2.7645857160714797,0.9375467486906095,0.40379535058162613,1.7230289466042787
3006_class_words_part_1.dat,2.631851497143918,-2.669661939377044,1.3228562722774908,0.4184102393737685,1.5557858147336197,2.6323572253745997,-2.6703330453711187,1.3184641701689532,0.4189932961201146,1.557745790295154
1012_class_words_part_2.dat,2.7561098194001246,-2.2495039949029407,1.794787081574456,0.27037785220026084,1.2995999665094082,2.7553584625465266,-2.2435458846852825,1.7938243534887142,0.2713727022565275,1.2975755225307548
2008_class_pictures_part_2.dat,1.2292723281383364,-1.1120225964553803,0.9341264728233191,0.5493442954079546,1.6024232872766642,1.2331928934068621,-1.0959183681827032,0.9366340711607926,0.5493029397626572,1.6081359730190854
2009_class_pictures_part_1.dat,1.6011808363989872,-1.8204737008681673,1.2217378445043234,0.6139949094745089,1.8784281194979076,1.5982650486737238,-1.8281026386291885,1.2233615585525293,0.6143547274440311,1.8894158528416196
4009_class_words_part_2.dat,1.9347791588127528,-1.690970199514702,1.8709954006695722,0.41769253084147157,1.965035835991332,1.9342642957597111,-1.6930306282447942,1.8672968917591275,0.41919124416131737,1.972047741119844
3022_class_pictures_part_1.dat,2.042781111418761,-2.3637828221605997,1.2193829578723243,0.5124260447559027,1.6874342684316022,2.0375517549397304,-2.3529931239820963,1.2189279671239603,0.51318850782343,1.6889932591969843
2004_class_pictures_part_2.dat,3.960527724589145,-4.464078739125371,2.0244183666899085,0.3972491650635227,1.5224649317044217,3.9793310812814946,-4.505036640178146,2.0127791090519462,0.39911910818243623,1.5239467149576904
3006_class_pictures_part_2.dat,4.07586673526781,-4.415311420253201,2.1037258624989215,0.4551345319342004,1.8416264933642101,4.078357885374292,-4.448297793070646,2.0678745930291353,0.45728029508751955,1.852603868329191
1019_class_words_part_1.dat,2.6274614720445886,-2.073086218253182,1.6669844073546385,0.46855085469004415,1.9177171799137764,2.622711934778982,-2.0782511599167615,1.6613028832287955,0.4688999584117768,1.9213675900849174
3021_class_pictures_part_1.dat,1.6627671454798438,-0.8871274291369864,1.184517658026174,0.5092103386183678,1.440801666393204,1.6577611209048815,-0.8783995013996734,1.185038984535666,0.5099478793313413,1.4427356680649752
3004_class_words_part_1.dat,2.4594181910165336,-2.701474867812625,0.9945149774158135,0.4313338610930696,1.6991990487321158,2.4631008013122697,-2.6953187207139866,0.9915080828076478,0.43131641658125597,1.7019280702959607
2014_class_pictures_part_1.dat,2.070600764846621,-2.2817200824133317,1.673779321736252,0.5883754911830881,1.807851945186603,2.059846724853376,-2.2859341546297403,1.6590525869405277,0.5898413144346066,1.8128739021539413
4001_class_words_part_1.dat,2.0103389823873417,-1.7857044163970923,0.9092282290076793,0.39234670464342686,1.5705911665252688,2.0016781757427653,-1.7796055635564356,0.9104965792984998,0.3925171195093742,1.5711796311024406
1012_class_words_part_1.dat,2.829626561398034,-2.2981656016843255,1.9166529608740215,0.38710607318865414,1.4829689255111198,2.826617289825238,-2.3012234529112945,1.910666291770553,0.38812517023280246,1.483002289486364
3002_class_words_part_1.dat,2.409363222120681,-2.396165161107356,1.3222361151443143,0.4249944138495173,1.858354682354343,2.4080486533988097,-2.391687188119762,1.3199843193289071,0.42571533272454176,1.8632223359196733
1001_class_pictures_part_1.dat,1.527410448606112,-2.622533518680229,1.4273502455590337,0.5362213398056175,1.8369122135447238,1.5359893339138166,-2.6300370451225796,1.428434237492569,0.5368615705599572,1.8421108199160652
008_class_words_part_1.dat,2.7485614825842033,-2.0310674809253193,1.452322838278618,0.411745683242171,1.9378216515150082,2.7510951502439083,-2.0278203858018022,1.4501980438742232,0.41204407657400993,1.9461706754427568
2016_class_pictures_part_1.dat,0.5869026270095785,-0.5806246865465361,0.9426667537003763,0.5089928895307145,1.2951871795960863,0.5810771815489019,-0.5798954046255568,0.9384183046869801,0.509731123572218,1.2798287089348133
013_class_words_part_2.dat,2.3039271995068527,-2.455640869149972,0.9755439916761427,0.370607222047582,1.4565117630726059,2.297242814746988,-2.453598559300934,0.976006734782991,0.3711844038129052,1.4553624987534202
3025_class_pictures_part_2.dat,2.8879639021538215,-3.0969429551784686,1.2414712530531617,0.46481853728263084,1.638709444324591,2.8898891675228584,-3.100212111371281,1.2399400498229465,0.46572146939477194,1.646606595568314
4007_class_pictures_part_1.dat,1.397539108117296,-2.3272782768093623,1.7318991244473467,0.5169219616699731,1.987639139915384,1.399268725540106,-2.321858675237662,1.725360319475978,0.5180443645667436,1.9951876224178033
003_class_pictures_part_2.dat,1.854668067665643,-2.296914010187776,1.390392119638293,0.5065988300923852,1.903654998737194,1.849840397833818,-2.291971298793353,1.3834615928094007,0.5069049028566728,1.914519089603436
016_class_pictures_part_2.dat,2.587398672225204,-2.039885549974753,1.6716854570832325,0.5215424087461175,1.9694143729429132,2.5737143524699335,-2.037895113461241,1.6548198254042024,0.5228560729355628,1.977141251862399
1005_class_pictures_part_1.dat,2.3581279733855354,-1.5000962891545742,1.1944286363315906,0.4962325888265097,1.3321269369277824,2.337197692414798,-1.4960771398067727,1.189807040631258,0.49689088273771015,1.3287297909204203
1025_class_pictures_part_2.dat,1.6457175411717295,-1.2659776758081889,0.8122640912264338,0.5198859386962583,1.439007491356186,1.6299484703348028,-1.2538304056390825,0.8098908488627491,0.520205379011607,1.4385802596869173
1021_class_words_part_2.dat,3.974797939015465,-2.970929742737635,1.4152903506915049,0.4053119222053468,1.875198292871847,3.9705655675892224,-2.956387365370605,1.3997382879597235,0.40602002704630913,1.8791591348910055
3011_class_pictures_part_2.dat,1.5013498212509073,-0.8915814794461402,1.3392935710375127,0.43229010779759924,1.5918930941766023,1.5014539066989854,-0.8921603790371893,1.3388094878251273,0.4321861357309086,1.5919714802609735
4007_class_pictures_part_2.dat,0.9521445238077103,-2.3870165778396895,1.5850814863228944,0.4831217444477476,1.906693325153467,0.94609189758009,-2.3757599410977166,1.5863447338539995,0.48341705913869043,1.9225962293595098
3005_class_pictures_part_1.dat,1.5102419525908546,-0.9233807757022539,1.2607568805390632,0.5612781502906998,1.9421758629355546,1.508450647674008,-0.9218850684761871,1.2664628059427363,0.5615852982593013,1.9606926964703133
2003_class_words_part_2.dat,2.1967930965577223,-0.40318988180318527,1.211903389993498,0.44749247856913965,1.6813245789854645,2.195920144014265,-0.40327639293504713,1.2174201911761562,0.4476363812548559,1.6828956110580298
3025_class_words_part_2.dat,2.55370861889935,-1.522526251980076,0.8046548783110016,0.4059908509530458,1.438449456277112,2.5435292871206774,-1.5122670936742146,0.8033967500901863,0.40634701274758317,1.438361495490557
2015_class_pictures_part_2.dat,2.7054453453485823,-2.8064133078218436,1.3298973238345888,0.5339879287228448,1.7792306140991236,2.702788628316166,-2.807046193683566,1.31571249846116,0.5352808852218627,1.786972619324254
001_class_words_part_2.dat,1.6217436819318225,-1.1603871232057472,0.8393989505596012,0.393992648500499,1.3215770242307718,1.6135385926236014,-1.1463599691599407,0.8346140784928207,0.3941408850203031,1.3173063248457924
2006_class_pictures_part_1.dat,1.7597975743693839,-1.50008723627904,1.2479485002726178,0.5364498555892728,1.5626268425124996,1.7569288767172428,-1.4985720347836173,1.2413811002636495,0.5371924690066182,1.5630165445770234
1021_class_pictures_part_1.dat,3.214746829316883,-3.1997366852693094,2.2885103680803676,0.5572040385221028,1.9556775025088475,3.2017611807986395,-3.195419464772264,2.2738611133159763,0.5597456482537513,1.9658010252500338
2014_class_words_part_2.dat,3.24694035764527,-2.7126195283125263,1.2647241848236792,0.42865051590585174,1.7548905445348415,3.2516790652572745,-2.700184194705458,1.255824640738759,0.42945487357542916,1.757539000733898
4010_class_words_part_1.dat,2.7015855424907045,-2.6684331734077325,1.4395786580929664,0.3274536314669342,1.408283905390136,2.704166079971726,-2.668090952268636,1.4362864494323198,0.32786684047985776,1.4118233945909822
1011_class_words_part_1.dat,1.945646159496317,-1.3747297323546095,0.9325554465667639,0.426461123377907,1.3935551037025675,1.9399444461575315,-1.3708283094083331,0.9322787004842759,0.4266574309650387,1.3947216997502825
3008_class_words_part_1.dat,2.746968857482159,-2.287313211439818,1.042640203684767,0.4090816484508186,1.6533159493952236,2.754562577729271,-2.2819766577557754,1.0402600904314565,0.4093052913313623,1.6544876203255319
1018_class_pictures_part_1.dat,0.9230035115215967,-0.7690421688817612,1.1413983628563809,0.6596309156194874,1.3686530783210076,0.9199591277379152,-0.7634240555039783,1.1356102071265481,0.6600384548072386,1.345110191956683
4013_class_pictures_part_1.dat,1.7740123567527548,-2.3020956338833183,1.3789627915922187,0.5208237090027015,1.8365615227357917,1.7728015847788163,-2.2857906826250565,1.3740909672262522,0.5214719524930653,1.8428040111407151
019_class_words_part_1.dat,1.842141955685548,-1.6409307196939562,1.4540163411380487,0.39920911054823277,1.9515863317261688,1.8360019671136043,-1.6460993747294346,1.4552938880025597,0.39961447112676246,1.9604128767917492
1027_class_pictures_part_1.dat,1.5374407352881891,-1.6765846953656152,2.2661217410410543,0.5162888165849177,1.9788846434374845,1.5289748492474116,-1.6693146115375177,2.245038634417308,0.5199867552403374,1.9861839935031043
3018_class_words_part_1.dat,1.8416660607939084,-2.2219758009576798,1.576195270438207,0.4488425571232245,1.8799031527929555,1.8394240267132385,-2.2180304756263767,1.57279918027151,0.4491415983918561,1.8832277371397157
3016_class_words_part_2.dat,2.8758667457172367,-1.9453418412863732,1.5325746804151394,0.49684746248985145,1.898123209042491,2.8803442654403435,-1.9332863560378635,1.5265437132129032,0.4976560072427831,1.9046466240328503
015_class_pictures_part_1.dat,2.5094790250203487,-2.6730418713880746,1.4866954404797967,0.5220908207421624,1.8822453819908802,2.503228880617936,-2.6749902791382194,1.4770801335923855,0.523382872776239,1.889941014416925
3020_class_words_part_1.dat,3.305494405919644,-2.691970390298166,1.2008456154761025,0.42401171834524104,1.843779148397802,3.3039587261434455,-2.6914982426060012,1.1965487874073812,0.42429835491812495,1.8457329512589282
3011_class_words_part_2.dat,2.873169466072446,-1.4825540251245668,1.1996409163371033,0.38750085092406905,1.6616240965673983,2.8677108981711177,-1.4747780217892756,1.196842089705274,0.3880307842618424,1.6639166690566518
1001_class_words_part_1.dat,2.757211581609688,-2.2753157011484975,1.5279919882071105,0.4381836217247384,1.7432947818246094,2.742436847058552,-2.2668327502990513,1.5180552915306396,0.438854631585562,1.7470052199488433
3020_class_pictures_part_2.dat,1.7246843263419225,-0.880638934910237,1.1549718219524927,0.5992222440664005,1.9440276996694992,1.7290785262258652,-0.8772500102157041,1.1607571886459669,0.5995789555215156,1.9591353896853385
014_class_words_part_1.dat,2.5641052373535995,-1.9950908606481204,1.5351051053701916,0.4478463134054903,1.9429751969320788,2.5601697121605804,-1.994531879208805,1.5312855732174266,0.4483699664674212,1.9470819330375981
3003_class_pictures_part_1.dat,1.3256783085816577,-1.2820833897836423,1.1956154998221709,0.5280604455522432,1.7791138585152277,1.327778091466823,-1.284917050034676,1.1996109940715725,0.5283305479307853,1.7880016975448358
3006_class_pictures_part_1.dat,1.3194874643776735,-1.6991968946586624,1.0123189177428396,0.5845735809895459,1.6310301931895663,1.321951566460874,-1.6972390403319708,1.01310509583939,0.5847751327936566,1.626572402557454
1023_class_words_part_1.dat,2.4492056702214704,-1.7700727404426706,1.5224088770880062,0.4871681879681496,1.8940791632018954,2.4386965907571962,-1.7633196043636838,1.5203289713522632,0.4874883456767204,1.9004954543026327
017_class_pictures_part_2.dat,3.1320149812270808,-4.807873740539942,1.4717942213794841,0.49859469639428816,1.9409499198545153,3.1326478759972956,-4.832734074005714,1.4553048728014644,0.49971704731081373,1.9524224225530928
3016_class_pictures_part_1.dat,1.390796602309817,-0.8935259452347396,1.157166074225523,0.524172152944476,1.5723707508478033,1.3869682260167355,-0.889700430170272,1.158592938247633,0.5243136021723211,1.5699693614556072
1013_class_pictures_part_2.dat,1.2766058880677338,-0.4355817408503924,1.058123590256473,0.48514404297739633,1.7164920377424273,1.2706431015334656,-0.4325493127860749,1.0703335704990709,0.4857678095167147,1.737094778850452
3020_class_pictures_part_1.dat,1.0207852056497673,-1.0495702384927064,1.2181864009296641,0.5876002477276729,1.7072294470482166,1.016709880425601,-1.0480312635231683,1.2248054470732466,0.587914832487406,1.7173857900645442
1024_class_words_part_2.dat,1.6773720953761844,-1.6255582856499924,0.6896318709517589,0.40586861944493474,1.41943350946771,1.674514939900387,-1.6105317385892302,0.6857436734820681,0.4062330895259535,1.4192037807628894
3013_class_pictures_part_1.dat,2.3032103261335286,-3.0936718162864363,1.2425034014562166,0.5437050853314661,1.9292223053654574,2.3135576075301025,-3.0753938772054283,1.239163110105618,0.5442936712458679,1.9416928369141462
4009_class_pictures_part_1.dat,2.0380001030741774,-2.2796338222584174,1.8579940636460766,0.47895665234920715,1.890725576803262,2.0352311273906203,-2.269039929450604,1.844363978895994,0.4804814065968399,1.9029332626401931
3013_class_words_part_1.dat,2.7960389314004384,-2.150740513654001,1.098862939027559,0.4364838693414268,1.6617023988958786,2.7890838403591722,-2.1433812969551043,1.0937683526382793,0.4368435544626207,1.6636843704786712
2002_class_words_part_1.dat,2.6936002605270923,-2.865358889868477,1.301384897109896,0.37859759342884075,1.7301629530412446,2.689494644762034,-2.861497249754037,1.2947477443195368,0.3791018846152532,1.729482658392096
4010_class_pictures_part_1.dat,2.509596412337349,-2.8849188720027596,1.3151324899512664,0.5547016235233843,1.8799684972397126,2.5101198020569586,-2.8878670268826756,1.306786267205449,0.5552312957746938,1.8885937619239068
1019_class_words_part_2.dat,2.7695786494463084,-2.267866603980262,1.3996515655399144,0.45995699630850434,1.8956515491402497,2.772589192053933,-2.2660933613627794,1.3934097166308792,0.46019573379848155,1.899235145781168
4006_class_words_part_1.dat,1.5247485353178445,-2.3138904237880222,1.8927737893497492,0.40551983503444433,1.8769322423764203,1.531940648694797,-2.3182569962246857,1.8896604594833972,0.40604290381527786,1.879701337209051
012_class_pictures_part_2.dat,3.012911572683386,-3.838086893844742,1.74861676734294,0.5315860585413402,1.941551234661179,2.9895446579326954,-3.8101829835193763,1.7003968790412327,0.5350061955669139,1.9519200910931875
3016_class_pictures_part_2.dat,1.7682541748062073,-1.4153132817590797,1.2928155460012951,0.57423362432353,1.8138372403884784,1.7690575357477867,-1.4147441638629106,1.2931264247533139,0.574550746946191,1.823883944991656
016_class_pictures_part_1.dat,2.045348927080117,-1.530617574665544,2.0991886622830527,0.5569495087528121,1.9399545073011684,2.0406558380455064,-1.5299279143009707,2.0843708820683435,0.5595246511883614,1.951055493085141
020_class_pictures_part_1.dat,1.4260893461076871,-1.6407022164072496,1.4532149261377045,0.5310435261569083,1.8770032712801499,1.4312470655728675,-1.645390290287876,1.450611852274599,0.5315769080557706,1.891166879617118
3026_class_words_part_2.dat,3.0292450494308367,-2.2134966417207114,1.221669634742628,0.433484185694242,1.9111744429180098,3.0263143152360303,-2.2111849721978807,1.221102385607526,0.43397466676745905,1.9128455818386436
4011_class_words_part_2.dat,1.828393286362682,-1.3006856047562438,0.8729500656433531,0.38954193049945607,1.343140815736879,1.820197066850639,-1.2964454072311091,0.8653654717448862,0.389748251089049,1.3417534499364234
010_class_pictures_part_2.dat,2.7472465083193165,-3.2264931968864192,1.6415314183761722,0.42486859371800245,1.416243224754784,2.7347737849198532,-3.2201018807746875,1.6262461787439206,0.42651367951940433,1.4217110314193868
3022_class_pictures_part_2.dat,3.191794321156828,-3.0416481023746176,1.1547346946911279,0.4495145336268828,1.591556496717962,3.1940970774653366,-3.046532806907594,1.1465074134898272,0.4510216913707582,1.598238949997953
3009_class_pictures_part_2.dat,2.9821325873337527,-3.726053035937494,1.5184071826553032,0.47824793853459296,1.8390754782956185,2.9770553551210694,-3.707491545489135,1.5040892631224163,0.47936417711377355,1.846763942040121
3023_class_words_part_1.dat,3.057241094273373,-1.7306836150298626,1.420119273023136,0.41509792289060377,1.96788067489227,3.0625615531466313,-1.7294325973996836,1.4166893231721773,0.4151628128076795,1.9729206613510892
2001_class_words_part_1.dat,3.1620571152973933,-2.6104281059240475,0.9954726906201914,0.4193636681898357,1.4945797350481216,3.1637937592523246,-2.607956431322248,0.9952486722666526,0.4196377820019692,1.4960366571187607
3007_class_words_part_1.dat,2.2419691278007314,-1.6531920016538975,1.05678757993393,0.3996305488135007,1.6766852870693267,2.246156286956963,-1.6471131978252929,1.0567874350080888,0.40007312042321497,1.6781608346570822
014_class_pictures_part_1.dat,2.7673046662219614,-3.4289835484385502,1.6959732365040485,0.5739584174537865,1.9499721107730024,2.7485762401973313,-3.409281553461021,1.6625008796803495,0.5750889283909277,1.9612850388908603
2011_class_words_part_1.dat,2.3439190336858107,-1.5805874238691546,1.0731488138107739,0.44128601852301336,1.7458284932845662,2.3364935628720516,-1.5704722624028058,1.0711568178816706,0.4415210020103571,1.7443035471680848
2004_class_pictures_part_1.dat,2.4208199643114403,-2.5268516306655755,1.5876158345151097,0.4484403520693574,1.5046229439492373,2.407287578103249,-2.5229701946743956,1.5720333274422948,0.45049054814664913,1.5096281085757046
3002_class_pictures_part_2.dat,2.3488375389406664,-1.892425193061182,1.1326612725643148,0.4669531768097579,1.9110180000777541,2.356846265594608,-1.8948821034201193,1.1329176042351703,0.46739757646807506,1.9217223442328213
3022_class_words_part_2.dat,2.24794420547706,-1.874108766156205,0.8563254569202792,0.41766354627073354,1.4845393178991761,2.2484925215793616,-1.8693898809979537,0.8585733133172838,0.41762462760869035,1.4888581828566148
2019_class_pictures_part_2.dat,3.4201038404187285,-4.523492128098158,1.5793939694835082,0.4562477546189356,1.6699756701156825,3.420465799383826,-4.5645147477600085,1.574707421560054,0.4578263313702155,1.673917922323508
3027_class_words_part_1.dat,2.9169801043150327,-2.1290407985230133,1.200053187028975,0.4224431315594363,1.8637328159991338,2.909489287193346,-2.133371455431675,1.1960698460915664,0.4227063951569946,1.8677147512615884
1024_class_pictures_part_1.dat,1.9077440806973374,-0.7328068050272397,0.7312970857083999,0.5176134322526774,1.6455793650599624,1.8919451362898476,-0.7199053003426992,0.7346972460404262,0.5178189985986292,1.6479042162519664
1003_class_words_part_1.dat,2.251580632430932,-2.407500548259029,1.4714270806980259,0.4462797772386318,1.9451644236847565,2.2497351873396547,-2.4015155135452155,1.4684092887022886,0.44657068032541947,1.951720909105244
1019_class_pictures_part_1.dat,1.1934327315376345,-1.677139408796862,1.2340319419266803,0.618420065700586,1.5787711641989695,1.1929941918234226,-1.6696457634479098,1.2348725456590706,0.618531286163833,1.5791556011405246
012_class_pictures_part_1.dat,1.9575913094294832,-3.564169662347318,2.0618090924565444,0.583747203304595,1.952290245351433,1.9540271671617915,-3.536831853189823,2.0223925946547463,0.5862916422171968,1.9588940796731285
4008_class_words_part_1.dat,2.0505280671215416,-2.0164401632790256,1.1872989305614146,0.3660741501492669,1.6352237977582038,2.0457844589847807,-2.012419377884802,1.1887872102675154,0.36634802339295225,1.6310828579981043
1001_class_pictures_part_2.dat,2.6106923207677593,-3.5280717848077114,1.6554707407104463,0.4753828607659974,1.9366683797065858,2.596630093994759,-3.5176449380864683,1.628311576161033,0.4774838340458136,1.947371918578869
009_class_words_part_2.dat,2.1119081965156803,-2.156817524150998,1.0260669257835757,0.40700694010529703,1.3712172634445094,2.112480522054352,-2.151790563765194,1.0267095038509557,0.4072868404091086,1.3742634868829082
4006_class_pictures_part_1.dat,1.5036962344182254,-1.5066016369789699,2.1152537813278096,0.6423684647509117,1.9112183659924065,1.5021593594265417,-1.5096557402500534,2.0999209572725284,0.6442027544190502,1.9207241771269774
2007_class_pictures_part_1.dat,1.8652913295444586,-2.66307833361324,1.825956601754027,0.5272321255761439,1.948912883033102,1.861064540743386,-2.652159460259004,1.8085728577206612,0.5284642026686921,1.9603612204249798
4008_class_pictures_part_2.dat,2.841085598976085,-2.962565595338215,1.1978906454508687,0.5209123817988685,1.7689705811304093,2.8236638545637796,-2.967111811963388,1.1870464667444267,0.5215362662117946,1.7737500453895816
2002_class_words_part_2.dat,2.9205386799786113,-3.675436243561475,1.1862832000365058,0.33882794827424073,1.4221817646218715,2.9171840406928147,-3.6840872566581435,1.1873425458688085,0.33933456449376576,1.422046759035268
4003_class_pictures_part_2.dat,2.3801281834436994,-2.831086296232437,1.9341056891502748,0.4831074365633444,1.954273810085133,2.364881560227251,-2.8153917749601964,1.8945673109632915,0.4864329800603882,1.9623936520644134
2017_class_pictures_part_2.dat,3.383846374690842,-3.5729966951674106,1.4825216312511749,0.516898291761421,1.850084017261941,3.3856604858509254,-3.5617916512598793,1.4641118842787282,0.5179670053861406,1.860571199537759
1022_class_pictures_part_2.dat,2.2120830405129634,-2.475203820127661,1.0485025344121286,0.4501079848809968,1.8360819105181971,2.20891001197771,-2.47760643933913,1.046322882713195,0.4504258439827581,1.845217524789435
1026_class_words_part_1.dat,2.52593650345841,-1.8897255758425096,1.4677795744903492,0.46826793919895066,1.79855393043898,2.5128644747498705,-1.8898463904189056,1.465638852997853,0.4684430303915438,1.8005231198674507
2010_class_words_part_1.dat,2.098756388524704,-2.4253062269370282,1.2847588930902127,0.45506105061076324,1.6662788765112968,2.096900780124578,-2.4195665032014455,1.2826105624219002,0.45548805992579117,1.6679461241188043
014_class_words_part_2.dat,2.4770272475226793,-2.20786461832384,2.6298619857709444,0.4021464663391986,1.5344547318825543,2.473873735490287,-2.209197878501212,2.6235744167353503,0.403254430597908,1.5348675119666968
003_class_words_part_2.dat,3.089996299690694,-2.493057153831263,1.4315848044741473,0.4396343223517252,1.9341468628986558,3.0855703704193305,-2.4853034831068137,1.4185855485608043,0.4405294524865677,1.9381660579174145
1003_class_pictures_part_2.dat,1.5910416221933241,-2.0099568586095637,1.4158862687110145,0.5079888305216292,1.957326164500274,1.5966356225010228,-2.0039108148120564,1.4173288508139876,0.5083669541119056,1.9699482492470992
3010_class_pictures_part_2.dat,1.3060731989426455,-2.006625958616514,1.4922359992490386,0.5192519864226115,1.9583032046517874,1.3129479228859648,-2.004076605160565,1.4923077804473064,0.5196146992801591,1.971081708478318
1010_class_words_part_2.dat,4.250516753732433,-2.9137897693121273,1.3576418328303343,0.3626631639110285,1.7798880329338729,4.267077270698096,-2.9127975602655836,1.3535127840840029,0.3636632714224065,1.7829062397811186
2013_class_words_part_2.dat,3.2839705585637704,-2.3569349956362666,1.2109985502402065,0.406263743788641,1.8572906042315067,3.2794325195757845,-2.351174677424824,1.2079492119004112,0.40652251657181016,1.857938534011474
007_class_words_part_1.dat,2.3315936952199863,-2.177015194133842,0.9160197913976429,0.4063442367921366,1.4572797365768615,2.3270269130715198,-2.1685981204477773,0.9163710782428787,0.4066033463760729,1.456969417963701
1013_class_pictures_part_1.dat,1.096103061982062,-0.09586949071441057,0.95800466968275,0.520999534793623,1.4711609316755074,1.088017264248518,-0.09094872991885761,0.9606904949123682,0.5212692272404722,1.4590547185505616
4007_class_words_part_1.dat,2.6731491793134854,-2.346244158653996,1.3733441902557955,0.4237410576383318,1.7962159950279322,2.6734211325598123,-2.344282371936223,1.3697636710822518,0.4243631815746156,1.7983409657466818
2013_class_words_part_1.dat,2.670759101732808,-2.287472899143698,1.1962823719565636,0.42627450375919895,1.7881049921822778,2.6608450581082685,-2.2821975257462492,1.1931940134876027,0.42673416364703265,1.7906990282960993
1004_class_words_part_1.dat,2.897317170713497,-2.9536924555554096,1.1528503109973918,0.43834390722581396,1.6595933751454295,2.8938632337952326,-2.9497626977735862,1.147243313345077,0.4389493234690303,1.6652723557696612
3002_class_words_part_2.dat,2.4342278371280575,-2.5150102577570337,1.402091727298527,0.4152924150942793,1.8621724416306265,2.4322670947717797,-2.514322099074082,1.398523365117292,0.41541268048565627,1.8669702310454084
1017_class_words_part_2.dat,2.535095700732859,-2.0640137470625293,1.1525083317070257,0.37748535739464306,1.6106596404060498,2.527189565657763,-2.058081680262502,1.147001872365433,0.377816285225931,1.6113452152635843
018_class_pictures_part_2.dat,3.0123986772088682,-4.269675692527363,1.4560367521537974,0.4873463537709313,1.841202501849346,3.002164500517842,-4.287246051310932,1.4423064663354235,0.48907691647592416,1.8488339529110172
3025_class_pictures_part_1.dat,2.0149582911900765,-2.0946806003587572,1.2959952875840435,0.5720537055038771,1.7852177995043172,2.0148824104911585,-2.0903662687306763,1.2909806525018361,0.5728265411120512,1.795922059021645
2008_class_words_part_2.dat,3.4254922286104112,-3.376405536334336,1.422359990650982,0.4451206116484609,1.6431477186423973,3.4293766464896227,-3.380448440051129,1.4265224128727836,0.4457337853646073,1.645099316889048
018_class_words_part_2.dat,2.3484574575375325,-2.2125815736847976,0.8151009183204072,0.4248359174817609,1.5653500728527545,2.347952511433566,-2.203914048119513,0.815737661213606,0.4248321853236412,1.5666866708530542
014_class_pictures_part_2.dat,2.8846986758028614,-3.587166360526828,1.9925592913519137,0.4751513667453994,1.9631449102833163,2.8787829832853418,-3.58256443369534,1.950823801919329,0.47890978060726874,1.9710525720819847
4006_class_pictures_part_2.dat,1.5432974734622518,-1.7253362729876809,1.7021045874914102,0.5943175317621376,1.748782053402592,1.544560274364401,-1.7341847538058661,1.6953505737016372,0.595848177995369,1.7587033538495789
2013_class_pictures_part_1.dat,1.1142167541012384,-1.0843320474388047,1.3836836102859025,0.5584768378838904,1.6966301084815414,1.1153831989502212,-1.0857921432496167,1.3842798174029105,0.5590347777626528,1.7070609780640722
2012_class_pictures_part_1.dat,2.48372613121745,-2.5760873809632043,1.2394213094334725,0.47412210415346495,1.4942584739206068,2.485979011025342,-2.582882088265189,1.2299851472779801,0.47550737001405485,1.503423413915912
013_class_words_part_1.dat,1.8238787413835706,-2.3873564006800247,0.9139253910079101,0.39282681068491,1.5364529098017121,1.8238344802009399,-2.3929628765672653,0.9136250418594305,0.3927888568215264,1.5383660623872504
3005_class_pictures_part_2.dat,1.3180603980205092,-1.9847131652794205,1.2812701008873317,0.5084641703994275,1.9690811225065499,1.3146547011411474,-1.9895434184936527,1.2834561060877792,0.5086498252517462,1.9800703125925425
4009_class_pictures_part_2.dat,1.6673690106406587,-2.6906614899793366,1.6825545413104297,0.4969278385611094,1.8913241207925873,1.663369515641219,-2.68336800869205,1.6776727960359945,0.4976314372688157,1.8997030339198018
008_class_pictures_part_2.dat,2.5908209887985114,-4.000163220730054,1.8743963731447357,0.49102244620612556,1.8538559934017131,2.596065617389765,-3.98306173235975,1.8451460919839964,0.4931823988647188,1.8629167742091033
3015_class_words_part_1.dat,2.031392496100736,-1.971424999093596,1.4431542006672835,0.45060949325863725,1.611609762364537,2.025472530961339,-1.9710661666938,1.4429024631384517,0.4509651763475466,1.6114729389903255
1017_class_words_part_1.dat,2.2794532652661292,-2.2630093719914885,1.2984983830115158,0.42237739270741353,1.7401975439620374,2.269366369315839,-2.2597936925880857,1.2935028685031402,0.4225722581044763,1.7428070632565908
4004_class_words_part_2.dat,2.7638695607717874,-2.478748074642278,1.0406982816960395,0.4040295914669206,1.668736811077269,2.7547257524461717,-2.479072733491077,1.0412983376885303,0.4042880933326857,1.6731194368836049
012_class_words_part_1.dat,3.04664709919439,-3.358879408358378,1.4852627997195686,0.4341970089748064,1.779536361430916,3.0430539696466057,-3.3430627915001105,1.4775714379114284,0.43475579824819777,1.7843410479204806
3007_class_pictures_part_2.dat,1.36138364315982,-0.4273884841355885,1.0714049703284314,0.48966164323034755,1.7323053787649374,1.3619979065672103,-0.4242598382393099,1.0867894934649802,0.49014769574439204,1.753891334122338
015_class_pictures_part_2.dat,3.238197606586212,-3.1603491867810733,1.3907838281976792,0.5012172483401269,1.6210466976748392,3.240026926290655,-3.15151263627614,1.3839738764609244,0.5023933932267013,1.626121891151938
1013_class_words_part_1.dat,2.8326195194180883,-2.0383101737991667,1.3650170434810343,0.3794966071293552,1.5978375031833456,2.835572138248846,-2.0391973384409914,1.3637451855172853,0.37979918330908824,1.5993408562866613
3006_class_words_part_2.dat,2.6941124415386897,-2.099008116397331,0.8326224291770005,0.437588329430316,1.3257296223399813,2.670891881064743,-2.0923878047129882,0.8280198506239217,0.4378374351736991,1.3266853067030828
1002_class_pictures_part_1.dat,0.9177544514376589,-1.1071695916647168,1.0746987025782455,0.523878352269722,1.517664309709397,0.9140741223016886,-1.106431401530091,1.0800484204776375,0.52436817772937,1.5196853702673838
4012_class_words_part_1.dat,2.464400286414905,-1.9796743272263464,1.2007680318628045,0.37688490405430153,1.6126061565941434,2.4633790063413974,-1.97837393426291,1.1998389184399247,0.3775073097647146,1.6150444908586552
1006_class_words_part_2.dat,2.4302303391385505,-1.950869770136499,0.9995852257784671,0.4416614024820825,1.4295083128708164,2.418222979311209,-1.9394602188168184,0.9962014504378243,0.4420266514621424,1.430581987210629
1003_class_pictures_part_1.dat,1.4937321709016436,-1.7099252864341037,1.4882989541741123,0.5613404946856951,1.9316511683813564,1.488146615376316,-1.7134650122759025,1.4868116241120442,0.5618149310529738,1.9424504693701898
3021_class_pictures_part_2.dat,1.1445965192515557,-0.8933307788860755,0.7016284260255166,0.4325214061579207,1.201696061167442,1.1299398370318947,-0.8875294834885217,0.6918971209815333,0.43292533773955855,1.18674284189378
1025_class_words_part_1.dat,3.6493268116253486,-3.426374740637504,1.060759614654768,0.4177899720842605,1.7746952115856238,3.6473190672413156,-3.417477252372925,1.0518921349222101,0.41834831006014433,1.778118195982617
005_class_words_part_2.dat,4.392964650767587,-3.9317318457762087,1.4180103210027877,0.39434043982380934,1.8319613040029885,4.406669797472366,-3.9341058770377098,1.4103918890521245,0.39497848939748526,1.8365096535583907
003_class_words_part_1.dat,3.0380079361569248,-2.4897393660128255,1.321051633221432,0.43632049425338887,1.925668553009522,3.0362062279577766,-2.4921882639763804,1.3131024244864602,0.437011813359958,1.9299389286107311
3021_class_words_part_2.dat,2.214134410807869,-1.7941043117539057,1.3958591866896126,0.3710608084765521,1.5482735544009079,2.212674375149301,-1.793477797080432,1.3933023800363773,0.37185124076632114,1.5506587021850349
1009_class_pictures_part_1.dat,1.2808314303853328,-0.626886779256921,1.5091699377896426,0.5869790212102147,1.9642492521231956,1.2889633978112172,-0.6185043814173484,1.5080850858132213,0.5876895992196081,1.9751849780418849
1009_class_pictures_part_2.dat,1.0251691485033243,-2.0099285573034136,1.3290736698664,0.5452659095152822,1.8809859325149674,1.034009068478244,-2.0132205871327153,1.3328494381234792,0.545434419308087,1.8968056596668061
4002_class_words_part_2.dat,3.308723922080794,-3.2325276320076255,0.8849261644489022,0.37587898907187556,1.5869422672116453,3.3030336247374796,-3.233879866998536,0.8808699232815012,0.37623580212822244,1.5929209976831706
016_class_words_part_2.dat,3.1681995231746476,-2.1619801897985615,1.5112920452653917,0.39846206842837034,1.755631794143688,3.168944266969844,-2.1607727752634442,1.5025514321114375,0.3992850693865547,1.7564778914306527
2017_class_pictures_part_1.dat,1.608630483361223,-2.593461820527594,1.52414066348908,0.6356674181925623,1.9614186026817328,1.617321165854992,-2.5884224402452203,1.5215598405291644,0.6365637177974297,1.9732485190385105
3019_class_words_part_2.dat,3.2079661869845677,-2.68705965730234,1.2917826582541505,0.4792255653555477,1.8970454148361608,3.2030722834126144,-2.6874005861040304,1.2851452333067206,0.4793806472645822,1.901341409152292
003_class_pictures_part_1.dat,1.3141411499499243,-1.375940427083539,1.2818790125061812,0.5774868979920919,1.7999303284880908,1.3135040075709052,-1.3711252870247228,1.287886430661655,0.5775510908922867,1.8091151519544688
2016_class_words_part_1.dat,1.6875296831308904,-1.0219451850036914,1.100375347906182,0.3413288705577234,1.248296959148475,1.6809149028346821,-1.0168781143220564,1.0952369263297697,0.3414891684925753,1.2412182110068541
3012_class_words_part_2.dat,2.6680260809048315,-1.8972091036449357,1.0751107371173587,0.38908835778643386,1.312202684789782,2.6572991722711565,-1.8958343313173138,1.0749096988814573,0.3893484781477604,1.3128355162696974
2018_class_words_part_1.dat,2.540900910416313,-2.0993119734197667,1.2406446092097894,0.47069263092567687,1.7288101093147858,2.5368694295404923,-2.0939051519424394,1.2371289213597432,0.4708585027969632,1.728994610830807
3004_class_pictures_part_1.dat,3.4682364850634713,-4.884251715532622,2.2964803358586874,0.40221469171847196,1.757000971192887,3.4761871507262345,-4.90705943301788,2.284742720448097,0.40422640746301053,1.7607892941104275
013_class_pictures_part_1.dat,2.355261340722799,-2.9366505414779023,1.605038442450185,0.5255998720019208,1.8163544841732255,2.3442475072002,-2.9307179254363778,1.5864943762167742,0.5273429870722753,1.8205983898557552
004_class_pictures_part_2.dat,1.6295460891834277,-1.4164486481970817,1.1337567116051863,0.5289878436599981,1.5866567167815715,1.6272370260526388,-1.408872788608475,1.139464442293181,0.5293233912826596,1.5914056293894285
2015_class_words_part_2.dat,2.6630161788174127,-1.3902559576290698,1.2342039089535337,0.4549576408294452,1.8724747516059945,2.657863071338518,-1.3875905647839981,1.2336761213813374,0.4550289551099833,1.8757925974589686
3019_class_words_part_1.dat,2.919613937794316,-2.024820449453677,1.4005352966085924,0.4426172435207881,1.9308149988982237,2.918362738059603,-2.0176171079122254,1.40040209241547,0.4427998553749407,1.9349121892586618
010_class_words_part_2.dat,3.0650278306378484,-3.1506891826849337,1.9371067075470294,0.35134178469355476,1.4844196691857159,3.065003371409378,-3.140484651631607,1.9251982976498532,0.35228455486975957,1.4850783955673148
1013_class_words_part_2.dat,2.903290865782416,-1.5143841133200289,1.147432882797551,0.3945358627561438,1.8839713964365514,2.9036225894289123,-1.5185527625656061,1.1478977664292653,0.39483398271040915,1.8897354916874969
1016_class_pictures_part_2.dat,2.4619469310566013,-2.649535364442141,1.6528148323736205,0.47017046519154054,1.7327608892193724,2.458983980209884,-2.6512853304856976,1.639369072791601,0.47199313643691126,1.7368373671455315
2007_class_words_part_2.dat,1.8380180744811572,-2.3864337734443035,1.3977781756238288,0.43569617025152496,1.8422677414478426,1.8392918600731485,-2.3854833102770656,1.3921940791639837,0.4361193896965551,1.842361124132229
001_class_words_part_1.dat,1.719773391369577,-1.4491484410450026,1.1397804944362908,0.3799302402250859,1.3664701429618,1.7132160999610098,-1.4508609470335943,1.1351713868699302,0.3800707576965131,1.3633303643038164
4005_class_words_part_1.dat,3.366484682682872,-2.6885352788228114,1.293886736823418,0.4230076008167517,1.7744108245647867,3.3566433032729384,-2.684193658777581,1.2856116176498098,0.4233680772135042,1.7788744500165987
3023_class_words_part_2.dat,3.1400899904276764,-2.1000581242031333,1.188771994034234,0.4123943023967139,1.9193511617360892,3.144077307776355,-2.1050399258958983,1.1889351579494183,0.4125943311956099,1.9248875631227187
3023_class_pictures_part_1.dat,1.8824805837711325,-1.0938804537519233,1.3509472977347428,0.5143715236618829,1.9587787206130451,1.8738466795374857,-1.0906402621024467,1.3537278247941602,0.5145081665353066,1.9720497742923855
3027_class_pictures_part_1.dat,0.7712297660396223,-0.997722320980722,1.2047412064096625,0.5488308618168556,1.802757838992909,0.7793825852963157,-0.9985163561996144,1.2167414408601895,0.5493565404827663,1.8246925618337138
3024_class_pictures_part_1.dat,1.795530970115542,-1.0465647677289507,1.2293089269572128,0.6073843131054681,1.8040597836554242,1.7969229835609273,-1.0450905590924395,1.2353254950622352,0.607227107634101,1.8187425340824501
1002_class_pictures_part_2.dat,0.8728190317875042,-1.583510564320716,1.1503037806133225,0.47948637434814273,1.7845846540629826,0.8775316623376451,-1.5899557692145878,1.1532114280942478,0.47968475811083444,1.7900297010033959
1012_class_pictures_part_1.dat,0.9460475455532298,-0.5069286152138259,1.3542810647681631,0.5430599282003725,1.7845752030491686,0.9454662263890921,-0.5064070371051502,1.3720822395291399,0.5438634517162395,1.8115143817045722
3013_class_words_part_2.dat,3.4193475297632157,-2.9324329104992275,1.21733953092078,0.44219109587867705,1.7862556849432754,3.412951801605984,-2.9282925367714254,1.2110115614894952,0.4424631870164455,1.7904877161940114
4005_class_pictures_part_2.dat,2.547624453149234,-3.7546704777148223,2.0587438286094755,0.5125161800575683,1.970257078920694,2.5450810514283875,-3.744901248969809,2.023996395712679,0.514381228474953,1.9785583903539554
1015_class_pictures_part_1.dat,2.891348416936312,-2.4173237299832024,1.6207529754902128,0.5266530644693849,1.7977320903576026,2.891840019146544,-2.4114753933870974,1.6063344033322515,0.5286869248381951,1.8036926463262914
008_class_words_part_2.dat,2.601607071022167,-2.263819368179095,1.459373941794472,0.41546865678247163,1.9111536493781305,2.59652993595442,-2.2636451398100528,1.4545507398134603,0.4159902433012139,1.9142136312745208
019_class_pictures_part_2.dat,0.8372653842743318,-1.0258574535502212,1.4483901844242704,0.4811801577875074,1.8991761917647805,0.8437366546358331,-1.0206770780611385,1.4541107965755415,0.4816516702717415,1.9191261379700735
4001_class_pictures_part_2.dat,2.4696619807270643,-4.57698254009044,1.3295455704582566,0.4811128080999009,1.8682824426324234,2.4702241558894924,-4.6032315215092945,1.3218483049452838,0.4817378999581101,1.8756213285177785
1005_class_words_part_1.dat,2.58223841553084,-2.267013661007743,0.9733750935236372,0.401492277421351,1.486494121274894,2.5847348008392483,-2.255772992565615,0.9712294089872082,0.4015924985341238,1.485456880112528
3012_class_words_part_1.dat,2.2827413281818143,-1.6376677771192683,1.0190834554857133,0.31703302169733444,1.1788651354852204,2.2668408867283225,-1.6348954803720455,1.0121462739870364,0.31739364664299985,1.1747257066673706
012_class_words_part_2.dat,3.757552149122978,-4.053838469258177,1.5373477852001334,0.42275921199356675,1.713194031986638,3.7549501733951454,-4.0661851926131085,1.5319104816844864,0.42399292727642535,1.7183535888093369
2010_class_pictures_part_1.dat,1.8077236241442818,-1.012826219472324,1.3586286593198273,0.5437430738287276,1.9612518019990377,1.8127426123892332,-1.0093082294891595,1.3599816259862214,0.5440915839755651,1.970225656687055
1024_class_words_part_1.dat,1.781512742001146,-1.823669637134195,0.745958897077916,0.41491474301770664,1.2387501622640393,1.7627692843179164,-1.8039068525673376,0.7368982485540548,0.41503931091994195,1.231943739387269
2001_class_pictures_part_1.dat,1.5170845000092554,-1.8471552307480748,1.4202052648976689,0.5018345611424653,1.9820150563260355,1.5242163729899842,-1.8357221769532464,1.4209571829786092,0.5022852730919849,1.987539516528494
3003_class_words_part_2.dat,2.9750871193801176,-2.703256816026217,1.3674814877801496,0.3659599169116269,1.5458275940593553,2.981490627220063,-2.712696252737352,1.3687398592393525,0.3666202950950205,1.5436348405718672
4008_class_words_part_2.dat,2.0559647333216033,-2.1440295849186097,1.0736473691588218,0.43384735452985423,1.5352000043757716,2.0573279666476787,-2.1451397401840575,1.0726309043904552,0.43418046326679816,1.5341566575555943
2003_class_pictures_part_1.dat,1.1316398037919757,-0.4755203937131737,1.1839346877245625,0.5582405254156373,1.8404276300498945,1.129738539408387,-0.4669036114138658,1.2014638519641516,0.5580518409997837,1.881341625002152
1007_class_words_part_1.dat,2.360809032877672,-1.9040696614118846,2.2175577316641513,0.36591064442599147,1.8690370547201978,2.3620650095189326,-1.8981819166491822,2.2055865453903896,0.3678402435547327,1.873776603502623
011_class_words_part_2.dat,3.617525402171306,-3.2060405550768567,1.1683255541374797,0.37652136930070695,1.6826923594162522,3.6151244190294998,-3.2032988049123343,1.1594155118414524,0.37708765075593903,1.6845890456367547
4009_class_words_part_1.dat,1.8443643614692187,-2.0236954832034377,2.400346817069332,0.31694206679002823,1.935909074931666,1.8457616915037065,-2.0153504560558027,2.383722557721055,0.31885499356578395,1.943101480879746
4010_class_pictures_part_2.dat,3.956576540867506,-3.2420479457472946,1.3647910512865526,0.5294730673891126,1.9204814036785247,3.9447504488675915,-3.2205044685367845,1.3467849826938498,0.5311523640165976,1.9328453832190595
1020_class_words_part_1.dat,2.521574993347296,-2.459094413703159,1.470930547145094,0.43746855451773015,1.82386737937377,2.518034737711499,-2.4578267357716013,1.4670801076169742,0.4380186987020437,1.8234819626578562
3003_class_pictures_part_2.dat,2.283708909434111,-2.8350078208934146,1.3448540320971614,0.45405690680904665,1.743786972586626,2.2897483502137543,-2.8380336275738287,1.3393653023154333,0.45491489663610807,1.752504563991833
1002_class_words_part_1.dat,1.9781278020601445,-2.786017662597439,1.993501680459754,0.37098229414593004,1.8951503075125173,1.9728912056301113,-2.792580390834753,1.980968560672773,0.37255680707265737,1.8993238989316783
1001_class_words_part_2.dat,2.9371886142631767,-2.3993963247849868,1.4790407069609157,0.3457487700980956,1.5843212583333504,2.937984549284348,-2.4003052954554978,1.4737276668887338,0.3466837963840135,1.5854449231747543
1010_class_pictures_part_1.dat,2.7926210079842884,-3.8524248001057475,1.4637902589590759,0.5046569826173288,1.8359367421462829,2.7765200487502266,-3.8550457703563312,1.43785319210733,0.5064819818444466,1.8407209569510585
002_class_pictures_part_1.dat,1.333078551510664,-1.1577045575421065,0.8135786608141061,0.5561394732725974,1.4044202027055144,1.3269007548633316,-1.152577589613964,0.8060329793202708,0.5563717937478551,1.3961081554282546
005_class_pictures_part_1.dat,1.327011783604395,-2.2913917637813737,1.6887726708924269,0.5131759837359954,1.9340544679225973,1.3271431796737114,-2.289612307737263,1.6924396989766322,0.5131120009871668,1.9482955302814404
011_class_pictures_part_2.dat,3.250779229122006,-3.6129518783093237,1.235595071991264,0.48132159831072224,1.7606087606205743,3.258965236640752,-3.6184639935618614,1.2239362391286865,0.48231097137834344,1.7693971091300544
019_class_words_part_2.dat,1.8588440385888252,-1.6013253748093528,1.272516822901488,0.37609171463270347,1.8094735109280573,1.8586035471466766,-1.6039153894527338,1.2708338983574625,0.3765594039714283,1.8152968063029578
1008_class_words_part_1.dat,2.3771205248914082,-1.6191500337763869,1.7161867768211092,0.49391093040009615,1.9593266671981195,2.3748648106610863,-1.6150631556409265,1.7121734103896986,0.49441993649617705,1.9648803943851714
3020_class_words_part_2.dat,3.7869569139629813,-2.8695726564990505,1.2536376966136462,0.45654311750641,1.695356858752137,3.7765450267035816,-2.868233530509512,1.2462204962985965,0.45688994945104044,1.696605241813134
015_class_words_part_1.dat,2.5751665010068208,-2.1388584759361047,1.2338725914518145,0.4268381733827497,1.644220853731565,2.575407429797158,-2.1368601277296646,1.2303727595872878,0.42711841655263866,1.646013365788565
3017_class_pictures_part_2.dat,2.239341480127756,-1.8254480258604144,0.8825298787947775,0.6066729836345984,1.5552703754455774,2.2362603938350105,-1.811046642976152,0.8816478430552377,0.6069712308009312,1.5506548275267702
016_class_words_part_1.dat,2.491976256387846,-2.1023158755778657,1.4608301803953594,0.4259346702711705,1.8733775059132844,2.4898530141579265,-2.107250921248412,1.456221307214178,0.42641468380740505,1.8747255781711332
2005_class_pictures_part_1.dat,1.9631415032891768,-2.162382279015139,1.4262365778148032,0.5960986420949179,1.957876197513441,1.9642903308346518,-2.1523838758180363,1.4241442243277511,0.5963900546335317,1.968510089819099
1023_class_pictures_part_1.dat,3.581809661506532,-3.6844202764381113,1.8178123144134921,0.5411165093953505,1.7833045721782175,3.5765024331419166,-3.682727874421297,1.7875545536414637,0.5432873281887289,1.7934652887655953
4012_class_pictures_part_1.dat,1.804661141806236,-2.009863152415357,1.3234570262436962,0.4846144058942226,1.8819594300011695,1.8027395304519178,-2.0158806935961255,1.3224744589006954,0.48481164249075015,1.8913908559719
4012_class_pictures_part_2.dat,2.041781058605714,-2.3995151939453483,1.0459305923496385,0.45354851980810945,1.5765522723857575,2.0330410396150302,-2.398095128197154,1.042455130935271,0.4537133258942526,1.5788887860126004
2013_class_pictures_part_2.dat,1.3045412843322064,-1.2357513771966653,1.3495455286694915,0.5011365689057382,1.918493042888948,1.296050766099927,-1.2328540781927926,1.361457141743934,0.501420342637404,1.9345604504090184
